-0.33787563322096104,-0.388153082999569
-0.06239745303071463,-0.4489529251495743
0.13999767428382007,-0.351647422192661
-0.11085462930713115,-0.5831240114940969
0.01390909519328439,-0.852521078550882
0.5008020659407155,-0.13148681519323577
0.28767809503590097,-0.6412887326448425
0.5725602658365165,-0.015718685081669237
0.2496875915483208,-0.2549620079406323
0.3347426207312569,-0.19036944583788265
0.2505200542362228,-0.1574040926261113
-0.02974195221821416,-0.246386020212585
0.19289883454634615,-0.2740193833065427
0.19013140154443955,-0.32632405427580535
0.24687527537560963,-0.006096562397633304
-0.33570272701201026,-0.38037668101584865
0.09477277965319118,-0.04274546159356673
0.059523472663963156,-0.12207781313188737
0.010977148450638642,-0.3085141864332732
-0.12490086767933528,0.013614685958292384
0.6554621584001228,0.48996386393443514
0.013685155628362915,0.05201073569592978
-0.149637428951004,-0.028779457072021324
-0.21692770467302058,-0.03850953679750078
-0.2967532189946363,0.17774776287011207
0.0622380550150793,0.7834658181282083
-0.003733554393600023,0.2999522916255595
-0.20234003263836967,0.4123230597681795
0.7887429731115089,0.6994485651448304
-0.1287431892704167,0.7573841330647105
-0.29615913616307904,0.8089181655562449
-0.06349989605284871,0.8863448800660864
-0.3692641249187788,0.7493859835670825
0.16823797713977032,0.9301026839692784
0.0026750037347422003,0.5659369006767794
0.085998129317602,0.8329471807888168
-0.2739563829472799,0.1592515092350161
-0.010778247029944787,0.6009101271049911
0.5979550198001158,0.4484845448794259
0.18533076093868706,-1.8331639709385423
0.30826249417260543,0.25463986007021505
0.1837264445787808,-2.085325092433145
0.5431107784455136,0.05079549224170075
0.5110925280933657,-0.2817805882854431
0.33152305282216243,-1.0260287484057378
0.3936245531881657,-0.8650908801256523
0.007381923178936073,-0.27154036830052897
0.4539639944712694,-1.2863053978641317
0.4576633505023488,-1.2489117349206293
0.4340358760055928,-1.0236217537921402
0.17839127540076974,-0.9016399570678538
0.49589435793070186,0.2557278947172782
0.9151520240807979,0.7895457042876896
0.2667727243504392,-1.1844823372393014
0.07325415421304786,-0.9591292886889949
0.27247018467656425,-1.2501007005429854
0.04502755544348026,-1.2020416129337672
0.3766411583973555,-0.6277290909557537
0.36965477511649764,-1.2770071120561461
0.16410068538717337,0.3520330623403961
0.27868031295456397,0.26725830384311633
-0.003023704669742157,0.7798953677540579
0.7249401866437518,-0.18072621972845945
-0.05083737684562598,0.04691954277093633
0.3379467413386194,0.13875629671991202
0.5283131313159373,0.4050653539516164
-0.12765455978507628,0.15612039900771196
0.44976796608965763,0.00369989034213043
0.26129575674748523,0.641328470059936
0.23203179055751527,-0.09464407397805642
0.06004117870613645,-0.13560181714894792
-0.09544765381702884,0.1805108242191611
0.21720918674938863,0.9590932048177716
0.4056669317056072,0.5565057407327478
0.6627293768736601,1.6454298398280411
0.3056632203099675,-0.2752817277865017
0.5427848108118567,0.597761458920321
0.07933394291448477,0.25118143745718763
-0.015194413062005434,0.30208191081471086
0.2315300282080471,0.46938834047834094
0.10194898885132213,0.5155956984433517
0.2084467327101238,0.7567670320135164
0.5774890977457579,0.5809849982449512
-0.27588300041132746,0.8510095357897567
0.24188630582006262,0.7615540191141045
0.12908059664997032,0.6945555122537028
0.24329066749154188,0.4900416251147334
0.1722183896505257,0.13900249752613772
0.29603895157558757,-0.15850190823793792
0.36091157092159765,0.425064500058909
0.11643869437708727,-1.245055532370573
0.17157370070660347,-1.0325122952040016
-0.008069966678929681,-1.098392093919048
0.31026395748284763,-1.142794588864938
0.2827927494209071,-1.3056329387140382
0.35180417966415184,-1.228630297512502
0.4719124993729077,1.1918688333938219
-0.11894218154705828,-0.9182059402342054
0.3435376746014781,-0.8045496302655158
-0.13193107521811323,-1.0854815494230514
1.3274368238634773,-0.7632978822448596
0.02003686228351623,-1.3677340898835064
0.2906250356974418,-1.1781964063682429
0.5227519427545775,-1.245622178105063
0.23477989923531833,-0.7804154186866253
0.26937359559593743,-0.19775673167167018
-0.03574676914803939,-0.5102446282600861
0.17712077721479255,-0.7765825306715088
0.1755853292472528,-0.054631240870653186
0.34123949311221213,0.08160926157117444
-0.0509348651702509,-0.6350522416887053
0.13353146047462464,0.3955311565114819
0.49727831775021675,0.6978139133512301
0.2025836585037187,0.1429961397503061
0.3243625120703316,-0.5461372227066554
-1.2262847894978917,-1.3527190853572506
0.2560590013600891,-1.4859566229572296
0.4536704482040383,-0.986530119388577
0.4559895526738015,-1.4772675062813385
0.3989345419685816,-1.4696481888329955
0.2732131701604264,-1.3236333787887777
-0.15602426708024567,-1.390912244764128
0.30337098777384425,-1.265822847434589
-0.025292070516901192,-1.2945441136467157
-0.05782226269374163,-0.3510857148227582
0.14735826512656494,0.5660918302584085
0.07868004917611825,3.190224114899049
1.5057350252378754,0.06989867229998
0.22050161758739617,1.0048318763967057
0.36319104446489797,1.5242290678981563
0.5232300272721887,-0.025663291535885504
0.0805766097707007,0.2329483325894551
-0.11057587975010935,-0.2715852119219755
-0.14687564801179553,-1.1001967525035896
-0.1665244819198229,0.09627346498322728
-0.10548077690407293,-0.5110255035790704
0.4890937263201643,-0.21374634017910715
0.20053218665886147,-0.6800016107563763
0.003886088896677755,-0.543663286228724
-0.24899220166966418,-0.5220549393445822
0.35223759472909016,-0.4232936453759739
0.35397958790192413,-0.09363340773842269
0.3807404620816158,-0.0767714567265873
0.23489198371141512,0.32644661058084373
0.3538673098394435,2.3152760301259083
0.14602946036293563,0.20354858323554575
-0.09958712689266336,0.16333548234157677
0.17639388607082268,0.45235588452621617
0.3107851488166706,0.9562238681747872
-0.01829427423400942,0.5670237683879038
0.15659427335676726,0.6895465235478327
0.09244311458101764,0.7686051366229273
0.150737408799034,1.3393932484903426
0.12263236244436007,1.0192467857441698
0.292481078289202,0.6656231956753101
0.020911109917594095,1.221825428994281
-0.17098463590592963,1.0163883225914176
0.15355536173426462,2.172210312858638
0.19058464791789148,0.870036186755993
0.24570303184339218,1.1477214803272124
0.24949469855151402,1.1360478556809444
0.2315128913266323,0.8357844163503946
-0.08091739760286294,1.0530301799870432
0.20889487943185678,1.1523035849130037
0.04180142391977029,0.5213774449746359
0.4216535716188213,0.8869516507179874
-0.4061228021346123,1.019714705440927
0.12196661660769853,0.8921136453664278
-0.1873770236425647,1.007176033045116
-0.2103880718185169,0.6430741390622454
0.7500013072439543,0.7929070412349374
0.011066895878287948,0.6758310870273952
-0.037372249322948026,0.16044908446610703
0.27758316627764895,-0.5702880866745321
-0.19117142932313805,0.6882732411030694
0.3449948372004131,0.6308826118639677
-0.24780383832667702,0.5753890852684821
0.09011792220500939,0.5840306956734541
0.3634000957605541,0.6450810009774555
-0.13622420474786417,0.6980241186091177
-0.1770931191424405,0.5373599942148556
-0.3261294178389147,0.2139067054444512
0.40667086324939644,0.3336682828280605
0.4522329463182482,0.015371261696585458
-0.03390480806918558,0.16657542711638884
0.15682172210671314,0.17198612411684314
0.5761905486003874,-0.2090398852488595
0.91206379992054,0.5807904745674624
0.9522493312884674,0.3026763977750806
0.0029508950882742753,0.19344025038970744
-0.17754969839804768,0.1531882812748658
2.343827694321733,-0.23769234663291536
0.19692791508236493,0.060331734405572705
0.4687212735808862,-0.10357387460019608
0.6243761878971997,0.12612614292331145
0.6677189796245606,0.3908601299452528
0.1329261344054969,0.3580542985970522
0.11678292007002046,0.602019042835403
0.2767051155274948,0.04706035850741686
0.06979734199024829,2.0282722417464965
-0.41274432838878056,0.667505325870744
0.045115242863301895,0.613048053171443
-0.17987071367503818,0.6789120425097409
-0.09919189089515325,-1.402799870697098
-0.09523144815230909,0.7781018236462398
-0.12707318127161127,-1.3524572779101867
0.03928571113921538,0.5370179555852803
-0.096536334997353,0.1558428047187494
0.18838569388455223,-1.595497042318897
0.38657988952748884,-1.324405785325448
0.23294096080624746,-1.309506204841519
0.2868327745730702,-0.2699202456538507
0.06974951382697603,-1.322788512217645
-0.04517887119922495,-0.4299508240105933
0.15070949313385665,-0.48308145438575306
-0.10976288814902375,-0.537610168479024
-0.01678036875765089,-0.063642662204595
0.1268946226896579,-0.6361898382970148
0.16537921361049476,-0.4210241199341159
0.32115774492197396,-0.408799348542098
-0.017748530942530618,-0.6419129449897713
0.18378514406913948,-0.5856586819587921
0.40106655268487845,0.45474221726592895
0.31468651953221877,0.36010243090845095
-0.2114045059879222,0.11092164230017326
-0.2331070934086785,0.13728491996680267
0.12712228842132872,-0.04585313348993842
-0.1963316218637268,0.3175834437305033
-0.030389760020942253,0.14523597562328777
-0.14975355581212355,0.09417847190553157
0.21505850351871453,0.47811867944354103
-0.019183313942892806,0.2456220877261728
0.04836114539625793,0.26642391535323934
0.02247455999624904,0.41520800257855534
-0.04067524928712722,0.5834910767678144
-0.04067524928712722,0.5834910767678144
-0.38811587445715484,0.39354482335870367
-0.36786910155413743,0.6414289174700383
0.1659842624870195,0.39273294912458157
-0.20864500971530658,0.3054912680542649
-0.13468021493478555,0.3893488347577787
-0.13707754228001365,0.21411430085890298
0.019073113915602617,0.778737690834347
0.18454671448923168,0.6466094164753244
-0.0994706607927161,0.8114967853542815
-0.13379976452533626,0.8102362205637931
-0.34477588651555463,0.8217135294644066
-0.159471580703527,1.5143181520930795
-0.09032602750990931,0.5408699462526078
0.07821559157564018,0.5645739320297236
0.043107254928160144,0.5038984216732819
0.06621760343068578,0.9306980974973831
-0.19805594153573763,0.7963707777655652
0.33060192269632815,1.0226939084678612
0.20044743945262827,-0.03408151955598331
0.10979428423847727,-0.19803875812871985
0.017104546894959518,0.5197340634608066
0.06597837608787507,0.19243811296596483
-0.061781316496436575,0.995137594258451
-0.4305125359654757,0.5833873015378457
-0.2710619889861133,0.9037753809957408
-0.4229693938298211,0.6367788449825376
-0.4691087281655949,1.0072868721095016
0.038789154646305044,0.680112688446591
-0.18738668330437383,0.7377165339439828
0.018640767557425362,0.5689032359124888
-0.03718772723945661,0.5992978555380906
0.3733778306979009,0.5103362271059705
-0.11845976248965859,0.28706281663384686
0.020519649443598353,0.6884372196650845
-0.2698816672699222,0.3888560771716508
0.0744835799228494,0.3147843498482843
-0.09361578958527493,0.26530229409766315
0.24336916489193539,0.09637415697391073
0.07753931674152144,0.2661331956841752
0.13396078474018486,0.22898212260388864
-0.010687110720173086,-0.11065655908644904
0.08340192964077849,0.0925028855612811
-0.1502666924620737,0.34835712129192636
0.2507957947490409,0.20749588062324134
-0.08056016891669425,-0.046460999286918804
-0.1528660798890342,0.14872631857293203
0.09890858017528803,0.13348690820043546
-0.10887817970293379,1.5227414664460293
0.12369402620837545,0.6308873997014667
-0.09038628117892372,1.1246531307573002
0.23735997276260035,0.9188349982528146
0.30178447722913904,1.4123008983142156
0.23312971844479854,1.488061711382313
-0.19805594153573763,0.7963707777655652
0.20044743945262827,-0.03408151955598331
0.10979428423847727,-0.19803875812871985
0.06597837608787507,0.19243811296596483
-0.16856492168108664,0.47370259786622904
-0.21943778626150337,-0.3353631493645731
-0.27219263120701115,-0.610545123570762
-0.11002826360855857,-0.4404422266691247
-0.04061192091886069,-0.5693593342538206
0.04664846403129421,-0.5306027908037283
0.3110458545424606,-0.21121708761515148
-0.26071138933698706,-0.7691182984831645
0.03144909735538456,-0.2594244807711081
0.07319351687064461,-0.591201003517098
-0.01747635220424339,-0.3553470551588965
0.11051704921189524,-0.790905510731611
0.22784690958953077,-0.8332861440295937
0.07870547915931382,-0.758677996718618
0.06455697345945784,-0.8877085664112703
0.3485515776798441,-0.9197976209142608
0.09962622565513618,-0.7593018572568097
0.045113872565946574,-0.9956962983774037
-0.22910878254929426,-0.8419437301139618
0.013242196768619133,-0.8046993773720224
-0.18688937585060172,-1.161214381775996
-0.02100129595459434,-0.6233872946525749
-0.2733779834864515,-0.8178701196978064
-0.1633138438286785,-0.6342115955545008
-0.38103519837163097,-0.8470342760351129
-0.1598244052518351,-0.7953846752295537
-0.029475236741111088,-0.992526881938245
-0.07778863649286831,-0.7195628355692494
-0.24222380374280006,-0.8944060730947879
-0.05445216592982314,0.23389942102191838
-0.03016026735798411,-0.6853215907169852
-0.20553934814695027,-0.7843932094297922
0.14403523355296502,-0.6831696587816228
0.09075261536905102,-0.6849465834577798
0.12086780053197772,-0.679677648473738
0.017493677889621476,-0.499689393720443
-0.1527342575422763,-1.0949978253477979
-0.008798375369663517,-0.8662555904560774
0.039007818568863394,-1.005974149445598
0.30073036915918955,-0.8283176313696345
0.24939314291936598,-0.9670443532944076
0.230206126397447,-1.111012433314655
0.14419164643071344,-1.23212713900903
-0.04619332243986824,-1.0501800694090437
-0.2510701863640325,-1.1140136328703056
-0.09553008478148096,-1.2952783294680597
0.0461564725615412,-1.0106941496845976
-0.0864301058577468,-1.1814226953190075
0.006714264448637196,-1.483248524728389
0.10138078919669301,-1.3959030724245132
-0.22208594368537618,-0.7997117333983277
-0.09115103125896817,-1.0347789991984617
-0.3601574637197455,1.1388214800507137
-0.1390375281971458,1.0811982194399385
0.43435678392618454,0.7030712797545233
-0.0874713598389632,-0.6394387065357748
0.005146617387645836,-0.7827402245818396
0.06183577782988403,0.3124524615241266
-0.1032168410556882,-0.1442256313835175
-0.22940786444365194,0.7226789325021739
-0.14169367484518625,1.0179214372162706
-0.24386003599980097,-0.3374733860978607
-0.19390969569662894,0.029880441877381928
0.04599662425150594,1.1060570990011955
-0.249041762889409,-0.19373320939402747
0.0030575629247018843,0.5017328344272728
-0.12339708049731914,-0.2486600714244057
-0.3063132785703967,1.2540579474730598
-0.045110588394611406,-0.23770555542336974
-2.248208197851758,0.7638469185669102
-0.353750538933142,0.3011017783369034
-0.2937657129275828,-0.6176532735711471
-0.38498670499215293,-1.2094168832270236
-0.37072215874126263,-1.2638622894862774
-0.19540520722499116,0.3869965099151226
-0.2956799077835371,-0.3693435443212343
0.40366968830690136,-0.19994573942342694
-0.15254705515249067,0.9386633705863527
-0.624473840548014,-0.28147653523244665
1.1018484249136062,0.0978888440129737
0.8924548516404983,-0.12368467492515728
-0.08826973996716649,-0.8820615802568543
0.053651487382228934,-0.5405810014897912
-0.16381853462362184,0.10677490387025923
0.32419648124820843,-0.6232153748584119
-0.10636253006679115,-0.47167186109925197
-0.01567721905300879,-0.7671039585556703
0.05733599104217613,-1.0737173972904175
-0.2059587004699908,0.7086620260488297
-0.08070425122099385,0.2822854542722277
-0.14804917752430619,0.9172509920491001
-0.3816881282683719,0.8895246815149644
-0.18640646586265325,0.4968255532281903
-0.265202159970618,-0.41769017745736936
-2.114003781837473,0.5437889852941461
0.11365264956761137,-0.34299088903344777
0.1164825919228497,-0.21299239092644967
-0.1488044678737583,0.9275058214449834
-0.18146228687340052,0.4537794564481279
-0.2502544246153522,1.1422106074198088
0.3505657463807349,0.8772074431035933
-0.3018054683493117,-0.13757001814930483
-0.41371485296354077,-0.525240092811862
-0.199984018130843,0.8392468045065408
-0.0956740679415381,0.5952581796704332
-0.36666299004733605,-0.5536042531899956
0.2864888301914512,0.3362369443285822
-0.3209496230499012,-0.9180314814916916
-0.28737806391928483,-0.020965020111556026
-0.345953829922452,-0.7826098553660856
-0.3111902183712366,0.4118912888356182
0.04840319963570943,-1.1906295624995598
-0.28286120455230085,-1.2615524938568725
-0.2293228738840305,0.8927363910741717
-0.3682161717111196,-1.2480809356495208
0.13020113308898712,1.1249713538566135
-0.20272153713356447,1.4032215402335668
-0.37383336259690775,-0.5044896585165861
-0.17175917500595456,0.19241191018116482
-0.09724950503623686,1.335834725936926
-0.10981600763111969,1.175152713709608
-0.2681076833567085,-0.5005442732592057
-0.16164630421730594,1.0066983735237942
-0.16050280600943187,-0.07661071471460074
-1.0936237266223132,-0.017307363393643343
-0.0458723656222406,1.0197380215247218
0.18981823458855096,0.5766972158706863
-0.16651319625465436,-1.1004907106948472
-0.1268354233177036,0.3686995498557736
0.10276897427218902,0.27608363552363696
-0.16094168388824256,0.3949769555403862
-0.16305985495961303,-0.17730671649667487
-0.1480446065549113,0.33197931625278543
-0.17544957081878207,-0.7156423871527537
-0.24838708293442546,-1.1450131085399853
0.10089996243751091,1.25787284010063
-0.09269061554997289,0.018772181386062254
-0.11023246414913475,1.3190806700733144
0.33578589258148184,1.5476449179958416
0.0751733853249999,0.20783701908332886
-0.08939692938142961,0.3663177070592113
-0.25849721100102424,1.3064934601072549
-0.2879631668282248,1.0349579894243222
-0.06923618307508425,1.1730995040865442
-0.03447910450441242,0.8913359250147099
-0.09348374149123534,1.4147496238988808
-0.11683062805624815,0.6513394481940724
-0.2887401957342885,-0.6527940921844937
-0.32789162716543824,-0.9112198639017458
-0.2275986367819712,0.5647092145300359
-0.33286599462630534,-1.133673436388934
-0.1831666415952122,0.42671282912479397
-0.38179846867147305,-1.1922163592011945
-0.17884052601285616,0.24350314381467777
-0.29855346192325527,-0.8192896207977641
-0.1089457261334268,0.3253126370485812
-0.1769772762745489,0.8669923644338217
-0.19906173771376134,-0.609597698722988
-0.11511058140896106,1.0680097212478699
-0.18930756414999614,-0.03752630729359449
-0.08416710550042199,0.08469978034572141
-0.07843261052188953,1.195407717060033
-0.5354570152707531,-0.2105969690459613
-0.43811150912587593,0.9760180591226425
-0.35437777109806606,-0.6551695439897772
-0.13449617228874375,0.6969436702429899
-0.22725664874526968,-0.8671086857728086
0.1800873021482693,0.4884042950146635
0.7578787716854561,0.16034571022518798
1.5844009411402564,-0.6412975317748201
0.47561972272985714,0.017638014988230918
0.5778957773672901,0.10152508297425512
0.7363979644476942,-0.646861608411731
-0.0921648070032454,0.22933613589467944
0.6976668968241212,-0.7794286858622749
0.7937944311755432,0.26878664912886113
0.741042764718474,-0.522178317395802
0.843588530084908,0.43963939398263974
0.7932929732815404,0.692111490775432
0.016184271279839183,-1.108967404248297
-0.1480735535463553,0.7566786260928928
0.4919766128957964,-0.4126082063371905
-0.2459872839362845,-0.8127839501318301
0.1574650751803491,0.908772002704484
0.33603370674451405,0.530177509298487
0.21966860337343608,1.1829854141783704
-0.0482005357559501,-0.021605616824817656
-0.2490462777252535,-0.36895846503523305
0.20909422463553706,-0.19716732531375383
0.2064592018492616,0.09303543571695971
-0.2541057793638627,-0.620495079847406
0.038789154646305044,0.680112688446591
-0.05732041356253089,-0.47227570883575504
0.036313030014842894,-0.39348963957102157
0.17418246906366733,-0.3150826278115349
-0.12539476243716963,-0.5213578444882816
-0.3013652334037128,-0.29027100849335924
-0.07775766881297629,-0.5271632990234025
0.1165398325816665,-0.11476072582348826
-0.10995734818600558,-0.575599796863876
0.17332839084439935,-0.859930659999533
-0.08114106129649812,-0.0955598369802936
-0.16171875210626058,0.159911649340297
-0.0028815219467225976,-0.230721655854521
-0.10139771081850162,-0.9387589521354743
-0.3419444373463376,-0.49195921237329676
-0.20756584877148995,1.503859438270808
-0.2700588102116621,0.4464469400259651
-0.24157822233821483,1.2753196896428658
-0.36981045498116855,-0.2185087506461938
-0.10676539648012534,-0.5301253354406062
-0.261645286160008,1.2926188945370665
-0.06891912999417361,-0.8534405228394177
-0.29527899659733997,0.9060662223678757
0.3853775928706767,0.3390848003314588
0.15336300114398757,1.706122948387517
-0.41081763671529753,-0.2240514038514273
-0.3156239813824493,0.6352713107637757
-0.034550630429074976,0.7997978343077914
-0.30834072955572406,0.03072432375380357
0.5237357606744886,0.6333966344942144
0.75619868736221,1.6991328333422675
0.4700544659651787,0.660258687522609
-0.06372679535011831,0.6094548695476015
0.45369354096957043,1.3227874101137094
-0.05189359273669384,1.224249063677606
-0.10145488419994646,1.2027309598548834
0.4044545525367401,1.0381214546487143
0.29801440178561656,-0.7060517691845373
-0.10034718932370429,1.8925304071398805
-0.17374779837761067,-0.07166936046837694
-0.050165248027214275,1.4581189011325495
-0.29003785694681616,-0.3385476704493247
-0.15735587560729503,-0.3784214649387715
-0.17344966802507036,1.5503212514196685
-0.3884936291619265,-0.7998345567502514
-0.1127942542897866,1.2381444874100116
-0.10754708421682375,0.5637791958197764
-0.12169117324043248,1.5716409358296553
-0.15745647033957696,0.40203764596507546
-0.11358979886415373,0.9640162362038098
-0.09095586223229477,1.8660933140921074
0.038789154646305044,0.680112688446591
-0.22430098371976612,1.002575580920145
-0.2083308555285993,1.5360700876312254
0.05886062874598166,1.3416162601827806
-0.07190839393444019,1.4438692933057296
-0.1848026498120924,1.6917573811274476
-0.1723094384831535,1.3307121286290557
-0.17232375605169573,1.554436395067658
-0.02523116346482331,0.6743424326129057
-0.05824329566389476,-0.611018544901083
-0.2202295856426568,0.37908849181059107
-0.12348603649939412,1.5294479032364552
-0.27487876603867895,0.1541423082214901
-0.15995255277791431,1.1798016353271683
0.26318417934579924,1.1071264951027688
-0.3360144171834587,-0.5161475293371817
-0.323210114117043,0.36733982375042035
-0.25351140760395185,-0.15079515962141024
-0.13901994282396032,0.9028438992974025
-0.24551438871883005,1.1837533918306204
-0.15137551110022035,1.230845301322117
-0.24761090243028,0.33227594057224247
-0.16874566454886536,1.331220148267731
0.038789154646305044,0.680112688446591
-0.20335007597811539,1.4119877958476406
-0.30051156346450936,0.2333753017918029
-0.15746787224886127,1.6072470551751326
-0.11559881209179151,1.19523918197664
-0.27168389350909466,0.5728732798304856
-0.14248731528182793,1.8251542781130778
-0.11830252547261205,2.1109227645663515
-0.18799812073414637,1.6800047979688792
-0.021543732448275323,0.3798405421555011
-0.1483516426734242,-0.7588969615905097
0.005529905889782495,1.1302313434459546
-0.1295877591794857,-0.6593878838624172
0.16540260022566822,0.6755466936856201
0.751486296084322,0.7159320901671271
0.5588641554985837,-0.9305756237126505
0.1764674393672357,-0.06363129850361783
0.34775687070774247,-0.24230334261752798
0.4524530697020711,0.4776705355889316
0.22142161604671182,-0.6056071205763258
0.5295898605595616,0.34523954907927107
0.16130458368137648,-0.8388639372465354
0.8598469334617665,0.16813111551809654
1.1757539997513082,0.22856779570221278
0.4095018887042754,0.02623890034071173
1.1868390964210935,-0.6857135267024702
0.45408092723121646,0.23696906136185616
-0.12496973968882817,0.37208290922940207
0.15899577112307203,-0.23396374520615493
0.24017525589536737,0.43948898076836074
-0.27777045511155557,0.8532007811064383
-0.3163454385883124,0.28552841441365134
-0.16733433815170884,0.5845192492800008
-0.19174307000017848,-0.09679794139879691
-0.1179908615070518,-0.34228761873838703
-0.06815857344019162,-0.3679217258737614
-0.010239590981360664,-0.48834099878698556
0.024641770234429813,-0.4853588709305097
0.02433023458226655,-0.5565191983765649
0.019759621425867957,-1.135569943116714
0.3213428044917587,0.205722386125681
-0.17344698838672554,0.36384735567636717
0.1661257146485137,-0.5561587621693939
-0.2568561001092915,0.47910291928545395
-0.2901723981323058,0.2310858868008612
0.2765158782314005,0.857176923937535
-0.29110083176220547,0.4504005391055879
0.015957593785247064,0.7421384198594625
0.3364337478601003,0.7140356890338998
-0.05432301674284275,0.9162133047427387
-0.22795308725062824,1.0521591545232563
-0.3003535550462479,0.5361169345703396
-0.34445724895433294,1.082258338781603
-0.18640609102816302,1.1341668017982445
-0.26339754249827324,1.1542399237540086
-0.001360938339101338,0.5270504888204951
-0.34646289978395944,2.431049992171246
0.22684185097586243,1.8248818751378257
0.2860587394754732,1.8381869529142127
-0.5391099980148945,0.37455200568164293
0.01719320709737502,0.7844097987721885
0.2222142094732344,1.0422465290517737
0.5758460700717535,0.33231597864144946
0.6979498940952701,1.1101555422383704
0.2155304507357976,0.5954707657248003
-0.4095033387663839,0.33052366812126416
-0.20046648843993053,1.179337663526871
-0.1045487993318363,2.119913157712717
-0.052075336958248786,2.576976935497943
0.11845537754191948,2.0963786378701026
-0.07091764929281444,3.5679969438392294
-0.10275742339275756,-0.7220155826545125
0.0819163671365061,2.11302770030709
0.25741169547011006,1.098988134541192
-0.7151844630989286,-0.18456850511457917
2.736648841840134,0.5215816206551661
0.2830112357309994,0.46499164530072223
-0.20804286375296746,0.8707749257844675
-0.12119486271497962,2.3841023935588592
-0.26912357675427023,0.7189392279086259
-0.14276139599598223,1.6789677604758173
-0.31278380987173826,0.7114741351829107
-0.28425507706030795,1.2863391103687103
-0.07122153683891728,0.24257876883111143
-0.25537245727769275,0.8330426562596145
0.1174442949640879,1.1459689963588031
-0.14390621077152146,1.676116028247536
-0.19348765142857782,0.9286818296228366
0.34642416824911104,1.539402849889431
-0.15119493863630462,1.604818648443509
-0.047683530256671824,3.0262311444826784
-0.04020550679571963,2.5436964461974925
0.014454180309451963,3.1094059143735193
-0.16865297984774916,-0.6040170216028977
0.053149887556414775,2.0777755392022472
-0.01337962971128599,1.5453465603266712
2.967827022178876,0.5344904785288458
0.08426921949034069,0.7375824262885716
-0.2766716160372438,0.9275281777203704
-0.13594675963541136,2.0651110938747053
-0.35294286490943777,0.13340751050420557
-0.15642878477759775,1.721222923451975
-0.4548825280768382,0.11989814470123661
-0.22019196255887516,0.6415451517210714
-0.1235857360315412,0.7639343203433198
-0.04919554256997319,0.080267238042514
-0.2541468902874818,0.9976136138428131
-0.9940104236989707,1.9460807598918564
-0.2377221810785372,0.8099491388247726
0.0260967689505541,1.1875916524512706
-0.1087229047694821,2.409235705914892
-0.04020550679571963,2.5436964461974925
-0.09807938658162454,2.1308310028733892
-0.1450003461051718,0.07282463989575784
0.003367203934429533,0.4583170411205878
-0.24052541292850926,0.36756199711226556
0.042051946825126925,1.119460550344895
-0.08477364541679286,-0.7555129445005755
-0.1352157612912281,1.8998507559160032
-0.2750858222177774,-0.192896699070581
-0.6236276748991801,-0.9673789650625868
-0.26311178692729337,0.9914295261616661
-0.3633743995972155,-0.6028331001560913
-0.2527665795587334,0.9202349230442356
0.3165306549476778,-1.1053938695493908
0.2683862815261253,0.026065811141404386
0.6698716394343495,0.2697953295321151
0.2047063377297955,-0.5940587025003549
0.8796727141429794,-1.0105493245120512
1.247420913754702,0.07630527453754476
1.338754584063989,0.29315306880039654
0.08921603420447455,1.0975490607283258
0.1177756589389403,0.23952939761751027
0.6489682463954687,2.1427805710986
0.6358238527280083,0.5119338846189584
0.8197720727339015,0.13252957587802536
0.2026439227797189,-0.64639787817654
0.7395571748817555,0.12998173295587967
0.06139980044860827,0.603645362759259
-0.07319414878708264,-0.6808721035015635
0.26870422035069064,-0.24174419413913484
-0.14043434831910884,-0.06010475987071024
0.2305147551866231,1.131476201877963
-0.490323147132888,-1.326777910512108
0.09996574169766063,1.1326049001227043
-0.17952931630117824,0.8132076352798574
-0.2417784089537651,0.17637352294799788
0.16800930800486386,0.7851082965571482
-0.05213269182751285,0.5111020244318486
0.28682533812544886,-0.010578308617782453
0.003846020152815542,0.8038942146465865
0.1058213445739351,0.6124707844349236
0.02494569954688151,1.08341543017649
-0.17270093153103344,2.4550520840092775
0.03221252900752494,2.3011370707088843
-0.26512637349081597,2.332516430499037
-0.18834899664890953,2.336611968568565
-0.17993693567806443,0.3460105486924167
-0.09186662092302872,2.2191312356697632
0.22322812497503092,1.628861773943612
-0.3262511157030036,1.5340156734147208
-0.09202393119944577,-0.9520091281065172
-0.16662880916138578,0.038358684879949936
0.13377034842135305,0.5007416801535479
-0.22065997248821115,-0.9419702292939368
0.5767802146293276,0.8600108107040971
0.40521591156208175,0.8705564833700472
0.394359243316414,1.0894426405262925
0.1365610923034395,-0.06452781687546211
0.4602258787956484,0.34770133000968734
0.5350478437745882,-0.5382017627297231
0.24993367200915795,1.5815228328263773
0.10364232006528777,-0.7217315455559815
0.6136906887250902,0.10480648670196518
0.4339727871743809,-0.5177328156993919
0.018897153441027444,0.0030560547230755923
0.37173518179055676,-0.44921300004494036
-0.22877620367561272,0.009959147702226575
0.01791919281464536,-0.7181463641394874
0.19248542515050843,0.766236148257258
0.6755491089198061,-0.44842698991572205
0.0682538612379819,1.0855698392116027
0.18084415341520454,0.0841906017489573
0.048504114290830506,1.7798600436485315
-0.14323883320630396,-0.6771803545303324
-0.08960275539303683,0.8792104735345898
-0.20746452477652721,-0.331352605949579
-0.15458126979757603,1.041399438266328
-0.2520972475440448,0.6464178471802078
-0.09247377954980636,0.32596277950579494
-0.3665275630460791,-1.183567847491352
-0.18101815218769035,-1.395243487346878
-0.09762675275933069,0.050826818742517606
-0.2903496222866598,-0.9549934649509323
-0.06645217017199313,-0.01870993236062355
-0.1509343978274746,-0.508549964979462
-0.07233422160111987,-0.05763175573467914
-0.14690689131012363,-0.4290192416780023
-0.0223441599057337,1.175425315020944
-0.1861575915215225,-0.306467738770543
-0.037049288478550504,1.078120756585805
-1.0150795336129699,-0.44748039652624577
-0.0856659461969079,1.7108653375458067
-0.1490466205996307,0.6150822411346943
-0.12614176579845032,0.8958595359715769
-0.2051018380384041,0.8902358374714953
-0.2946744127978072,0.49369463382376305
-0.13985111088970162,1.610748929860627
-0.22723033100736756,-0.6515230318091254
-0.18468819937556333,0.6528278198682815
-0.21417537080557275,1.0199033295887898
-1.33317581100775,1.6954585990734674
-0.2787151918166047,-0.6627397634272097
-0.13364813955369345,0.05351001588740597
-0.25113423795607076,-0.8807943135224148
-0.20136173254644463,0.1396958294275341
-0.17217416571611702,-0.8751706150223332
-0.23423801446988343,0.8418132382384778
-0.13170245290080837,-0.02164320681973469
-0.14814918897014984,0.6361787574312946
-0.07886926974287595,-0.33320900730316405
-0.058777443006871516,1.0809502414093692
-0.22714496330799033,-0.47001771329259584
0.6951841765587706,0.7126033302704308
-0.1586600289299539,-0.4348453868542644
0.08081057016472647,0.7320873798936424
0.5765858680651613,-0.007006467632440509
-0.22070166252585097,1.6959482782764306
-0.1345091243609436,-1.027043808642873
0.1701957446050951,0.20278209624006566
0.5073046079303012,0.060032095439738635
1.2108819033492886,0.09295433697453176
0.8276071711425625,-0.7045860146025699
0.9319182333579299,0.0048850294976292225
0.7301257432691589,-0.535599268580175
0.8512564617818753,0.63184198870535
0.8089619798332012,-0.8711828525297841
1.0352182216058061,0.8496832490546072
-0.02090450227108769,0.3148104779963836
-0.32348865840491203,-0.0825535972442516
-0.5229499953368199,1.2920392943739467
-0.4616458328454108,0.41842043109306376
0.1784765977235223,-0.41612249576540233
-0.18102454544237062,-0.4103512894120251
0.22012360087888422,0.8005847591518883
0.5012174967063538,0.23962723799956262
-0.019048362396499798,0.906852414976078
0.12801722009283195,-0.1339847333120924
0.3022719028963668,-0.15901695370795021
-0.04903702024896703,0.0817877047127411
0.2470774895379694,0.7853078423559053
0.21374429402599562,-0.6007639698095495
0.05722156568374401,-0.949109926744846
0.20112955017418369,-0.6474730802243642
0.12024243975687492,-1.155262460194617
-0.10422793452491066,1.3359047925941245
0.026822550233018494,0.45875356197940076
-0.07135302376014112,-0.06588705602181728
-0.4333214304156424,-0.4902286419739867
-0.12227320113177188,0.3554061501039629
0.3627571949351244,0.4609281657205944
0.07964128420548124,0.429321083267842
0.12702238381846354,-0.15142802486339574
0.17051860226375612,1.9582997893527778
-0.33568423100228795,-1.9876616272466157
0.36045979649300863,1.3303210938736851
-0.2455832911893357,-0.8271060433185418
-0.09731266011275641,1.2995464868108029
0.15727721053153015,-0.625443406086493
-0.07754456585441907,1.6545072131354737
-0.25039392402971383,0.3147153825056317
-0.2531281566290449,-0.6440568300928435
-0.03094840698868131,-0.007427264213413331
-0.2672841214664004,-0.46639006470926025
-0.4139846653301966,0.04229789003428976
0.8841327437053139,-0.07027542010559355
-0.17733632986910264,-0.0030296994744378565
-0.43944139773542756,-0.44908793858862545
-0.32326049023198944,0.1257652352824825
0.2048289062052631,-0.6100794172808621
0.07106721764947005,0.34126089566135615
0.19738667880357658,1.0439377361102447
-0.10937084965137397,0.5242497472099189
-0.29764421275813374,-0.7555742752647333
-0.308445348168959,0.7918161618068792
-0.28577107704812676,0.7895060054855427
-0.15119178130307678,-0.1912645126234243
-0.001035277136378813,1.9776591315170675
-0.1401994556396559,0.13337799318428445
-0.04521328896043213,1.317310666477267
-0.13868885130720765,-0.569583846991486
-0.05991841753324893,1.220006108042128
-0.2038240902882595,-0.23194113525625945
-0.034108262763987145,1.0975816682728328
-0.01836051151687764,0.2647329240476237
-0.1411321739386047,-0.5067947713020498
-0.05417044370268883,0.04516784909538898
-0.06108774235391727,0.034177756305530604
-0.11527290704671087,-0.06593865137964909
-0.12033353932810979,-0.5928166615899785
-0.1511885665367979,-0.17437959028332226
-0.16758151509287353,-0.5754840672965812
-0.06748741739409485,0.009221798223573665
-0.16606483933429989,-0.6409559457122731
-0.04891174318888874,0.2091796738101047
-0.21595786832920846,0.5581333343245631
-0.051193692241643565,0.4872914070756224
-0.1074289161460343,-0.356277898649457
-0.040507937804164715,1.0726257101908758
-0.17024370781876438,1.8297804151786
-0.10946823262756909,1.4089915264123243
-0.39801491054943133,-0.24137215765839276
-0.157771345891236,1.3477969421012002
-0.17154054262705212,-0.33038257834917034
-0.1908443315188443,0.46771947885696563
-0.29934592721977654,-0.02165623662829009
-0.18718160303686965,1.1531878252309222
-0.2563441831940568,-0.3165635172187871
-0.033023410442561185,0.5559320076959186
-0.22808188232660248,1.0269215792497937
-0.20545256477723436,-0.6928350825520847
-0.16482272214103105,0.12304676699054717
-0.2739806036889651,-0.5519404501392642
-0.249041494894785,-0.04658875622425022
-0.32146928615919407,-0.56650647239444
-0.29848558268482933,0.03127252609738448
-0.047820834566878856,0.4063573559219098
-0.12177830939116426,0.02022952658695561
-0.20815286866079094,-0.78173475861918
-0.20580037844074878,1.4327888754273364
-0.25722125521863914,-0.6302894880804784
-0.11901301253867046,0.684601356664312
-0.22832906928412386,0.3512718409803892
-0.15508123852576033,2.429631808793738
-0.3351019701002278,1.4839299429522892
-0.5980572227776532,-0.7877434230414831
-0.48765768676205956,1.5255702346182802
-0.673957542720519,-0.37677560932067905
-0.42236012042062965,0.503736072022875
0.1361265483642689,0.09615306646804132
0.3330453253638407,1.2005844121483775
0.2505389080096975,0.02167547760171579
-0.2020112820963962,-0.4655810995491946
0.0468188245141355,0.11001320165794518
0.3028256545366793,-0.7264849481318396
0.9119248353299453,1.1130689610111497
0.8614493767468733,-0.5003424612891243
0.9506872689255936,-0.5710741664398558
0.44400644138692913,0.015715442953690834
0.8934152605043445,-0.4610046744996467
0.3129831444251388,0.14817059297093377
0.6523762080363626,-1.0176520141582541
-0.3571089305463182,0.3499254365848753
-0.19395460386351843,0.1779219268933862
-0.46014583265669634,0.7705651371411824
-0.6307864991887387,-0.5683060821237852
-0.5110008235244141,0.49876201904402534
-0.23688454596571573,-0.20467549816426509
-0.08160394994227471,-0.5189948730031482
-0.09533067028864198,-0.6680833594742154
-0.10792009360051966,-0.09878890709101149
0.35155129646269895,0.24027585055471598
0.13386934140848095,-0.7497157089505524
-0.13107865438541424,-0.919719555058886
0.17765238776098768,-0.04012745223711861
-0.11921112737592351,-0.8864529638958204
0.2647034626298853,0.027471669738605372
-0.0781671220741409,-0.8197110975887096
0.06759054043183851,-0.4993774195964769
-0.22007746499514386,-0.350036242529246
-0.27229536583204594,0.43949259925149536
-0.2399946527152047,-0.5432497442732447
0.18355760902655646,-0.8250929792059997
-0.03726272087263277,-0.8333038391645899
-0.033336089888862976,-0.6006173302850834
0.07804901991662687,-0.10933596241722789
-0.2240244707093536,-0.18875591591502094
-0.1658069326029729,-0.06841451632753688
-0.2345436904956907,-0.4434676582509597
0.07492270995695643,-0.5325055902201742
-0.15883862089951659,0.9082832598030707
-0.31398979103504226,0.7039688873932344
-0.2950700260348345,-0.06024624672670402
-0.34732107046392924,1.78848695123066
-0.44338233202351196,0.3496823497856781
-0.15725343229315114,1.6096534917947372
0.5187518673888745,-0.27131049851842837
-0.1908443315188443,0.46771947885696563
-0.12722969127095518,-0.5263579966246367
-0.1287370505860413,-0.009185995966045319
-0.3403890209083188,-0.004966100131782762
-0.38211718447229404,-0.3883646619261097
0.023290618797628594,-0.04567409183827711
0.011135046282815862,0.06377094776324445
0.16534197902739686,0.2960951321752246
0.08369544348259209,0.04443868818136904
-0.07704653740374492,-0.4634627477990962
-0.1501875951260081,0.7541381077674532
-0.24627619804229117,0.6177830738531063
-0.30686103777526247,0.4927107080859697
-0.39516413885915486,-0.5436147313182182
-0.021160084180683266,0.5568105226052399
-0.3080916273534818,-1.5160473261072913
0.01806903359020591,1.6219963268607904
-0.16017067530400544,0.875620563039221
-0.1040411787038904,1.8303140048128619
-0.1430180319031818,-0.6504032662418375
0.004650070588578409,0.4343860828359446
-0.11117741455082895,-0.7542773594273742
-1.4642482815170532,-0.08389192516690408
-0.14489461880089605,-0.03829949615280385
-0.15038992583641556,-0.7479669081177829
-0.27319305152661844,-0.07718604837981226
-0.09710912914827984,0.03686095345041903
-0.10548001472687023,-0.4145461990164957
-0.07336946882322157,-0.029700025150481847
-0.13844120162407736,-0.7682578365492132
0.00309719975542585,0.4762836787122405
-0.11472190090391746,-0.5421893605850231
-0.05108796493736774,0.37616727102706077
-0.243607474344846,-0.533749009860616
-0.19952178832337675,0.27700412369759564
-0.11731868865476024,0.9542422710326602
-0.28521453786047407,0.16225575722811417
-0.17175477169664155,1.9164998183529902
-0.31605608793976253,0.11328645636141696
-0.20157318715499603,0.3619441015246573
-0.16683465188924068,0.2818544817357715
-0.24451187260058713,0.3536372058796873
-0.3018518759567764,-0.3273019506732374
-0.36042472543937176,-1.0165315549001608
-0.34832760519861067,-0.9558565791932474
-0.28547477799592275,-0.1410638298358248
-0.18616363269656477,-1.146632462387903
-0.194872120295047,-0.5666882284294794
-0.04240634084443539,0.12301149584350007
-0.1462360047744139,-0.42132493423091233
-0.025066355559554585,0.03149455916064226
-0.1743345519949157,-0.39197928070089005
-0.06894557383329945,0.4816500730020172
-0.17371120107958907,-0.5170692820415502
-0.08835605356238362,0.6290304708532695
-0.6066034132668409,-0.6893158780859566
0.07016158837250157,0.9108005409223756
-0.3096605867311363,-0.40031239059944446
-0.3750096223072515,1.5125637518680923
-0.29568735744381147,0.023919923774207572
-0.06707594177132575,0.3731996870894535
0.008938458386287169,-0.4590379358404577
0.6145859328316042,1.1444483208013023
0.11888620383199688,-0.4596067137291003
0.2229295887293311,-0.9838168097437949
0.015252750601546015,-0.5142499153463896
0.07799340710147323,0.04047645055480389
0.4954935836805122,-0.9207034603488493
0.18836639516840745,-0.6738107138488822
0.4750022695835521,-0.7139788320524921
0.21261680643963524,0.22505485717713417
-0.022467599901353465,-0.6171821069270651
0.1676823349775789,0.15187552638719398
0.013636866564889319,-0.4731502860205487
-0.49007371341338085,0.5899218855630031
0.032529722682922764,-0.6065648185797025
-0.41772477082215603,0.7928378980782509
-0.2725747709305419,-0.9256002384955501
-0.12390349437948352,-0.03217589009836963
-0.10314238914866572,-0.5688859005146516
0.06716060279874492,-0.47179069718000544
0.2740752256578862,1.3364868373741832
0.06885210561676526,-0.111436164262366
0.17095632288740725,-0.6959894227083323
-0.24002966596218112,-0.80277232890168
-0.03408097332706262,-0.8832816918576297
-0.21307436617001227,-0.8291897971927087
-0.23679366689017217,-1.055258273156899
-0.14194392036980494,-0.8386584971668751
-0.20515806074788576,-0.5656935747405217
-0.3737778942053567,-1.076051888311372
-0.32450260742525827,-0.6382374774203377
-0.28652580018553864,-0.8346853600706773
-0.44230978676916294,-2.793867297318648
-0.06943635560749321,-0.7122610749378556
-0.22432086054275643,-0.8196619283042779
-0.26950298168794345,-0.6941672695364908
-0.24849048875199148,-0.5228394654296242
-0.0644049149208418,-0.8448794770877849
-0.24031999949500013,-0.6948509986022174
-0.12696092839799145,-0.6166518637114113
0.019370498257661423,0.6699063304581935
-0.47530785434963313,-0.6022726033724465
-0.35115215235578234,0.8457079511708815
-0.32512172734188877,-0.6834341616832145
-0.3323650235420249,0.8234175546602895
-0.46362910406521524,-0.8072716560695055
0.6735464502384593,0.4660929898583236
0.24591332899793014,0.39371336227649734
-0.32398956845159177,0.3619793726717043
-0.29973228451548256,0.2814525287787048
-0.33751339698862326,-0.567238502415769
-0.32602157121132896,-0.6075558994697704
-0.3462710723374455,-0.04388792350583827
-0.0797060701577289,-0.4592075403965464
-0.10151301817199194,0.07677743051343233
-0.08762239070539693,-0.621366381920093
0.11561911025574219,0.2899543749045186
-0.5053398264459192,-1.2597971323811104
-0.28745055804617825,0.3453303102347174
-0.18547990370076844,0.5206071675231198
0.08423185546174514,-0.6756885286333697
0.15091141883050252,0.5234853151488519
-0.3073255259358704,-1.1750455818303909
-0.045934991727843405,0.651303231790338
-0.09718147392081293,-0.31429975441429475
0.0023681215358236354,0.7124978161014622
-0.1019160469229109,-0.5264364486308811
-0.045934991727843405,0.651303231790338
-0.157703239948114,-0.8439236773455389
-0.05015844501954186,0.4593596764914251
-0.19854458256949345,-1.1335451120051259
-0.0060787850475733365,0.3286107055036363
-0.08689789712317894,0.15660219607482592
-0.1424735750376644,-0.7884828284515178
-0.2361457339536416,-0.5595010983517974
-0.19684334595900121,-0.8918020418857966
-0.06873411922474791,0.2594018009048941
-0.17531324453753996,-0.6331027221423879
-0.05901724790971386,-0.021685704862863846
-0.16288310691427127,-0.5895964174766722
-0.056970016366494465,0.33724544765300524
-0.30473221655703353,-1.332249766944932
-0.10423788240805981,0.24811913275768374
-0.056452392755443614,0.3232795823609066
-0.21928713182860807,-0.9174900299890825
-0.038806238468063435,0.4400450524830733
-0.039479293066678724,-1.026290743526696
-0.2222619640263864,-0.37958987679494716
-0.11313096110954374,0.7235231800383676
-0.2700205750479112,-0.8828761661016737
-0.13202381722757706,0.8569377125975213
-0.2898494096077971,-1.1025071775830344
-0.08732080634028191,0.6010987402690723
-0.23899440361453783,-0.9320414404145178
-0.08710935173173048,0.3788504681719491
0.05707550305944301,-1.2992976732039871
0.005896772419231602,0.18420608015462422
-0.08327453184582298,0.05884113903013568
-0.18371557825906445,0.2564612995497008
-0.18246887642841123,0.006281296868380492
-0.15396773421908033,-0.47894358907671897
-0.15181191745212447,-0.049289588942662145
-0.2415686357144618,-1.3233573261666252
-0.27495737696832245,0.18695981959360672
-0.23799539684363977,-0.6795353107521892
-0.061605365964968115,0.048143621597629256
-0.09347856266179255,0.11511220622452989
-0.10518317729339995,-0.5566265335257301
-0.3492820996098026,0.470437947148901
-0.1245305833168139,-0.8137976928385854
-0.00836073410032811,0.6067224387691538
-0.07072381344217721,-0.6565733366548211
-0.44838172979844293,0.8484087838892935
-0.6773690511658806,-0.9702370284856814
-0.46727458591647636,0.9818233164484471
-0.6093037171503973,-0.7782155541530521
-0.42948887368040944,0.7149942513301397
-0.29513312140919723,-0.5367832440197051
-0.1615602283277024,0.48900577466970946
-0.6233989416862039,-0.7358785036127791
-0.10361495217673891,0.38984874952644044
-0.22038074261896964,0.09978754092915378
0.8958968465635674,0.007568226642517628
-0.0972791628818753,-0.6035538991464239
0.8475937332999006,-0.05362635766860661
0.3749414745630967,-0.6580948501206865
0.7838821360071913,0.1711179956598015
0.24099412809859622,-0.7027146921462966
0.07571145804871826,0.3185881838203216
0.2817547093266754,-0.7276927369302713
-0.5386198765972523,-0.38811880550317507
0.2172521560381089,0.5141566832325102
-0.1893100449285756,-0.6098471071495221
-0.4660278840858231,0.7316433137671268
-0.17138469429050332,0.5796074979114875
0.26922534829978234,-0.6942339097571973
-0.2461593670744382,-0.6430201627180083
-0.22626745880888205,-0.8279407084007553
0.009180980583022736,-0.6721946235269063
0.30039993088711997,-0.7637706608603383
-0.27960199763365884,-0.8578542714905906
-0.01674140539116611,-0.4044870434992778
-0.16318923054014606,-1.1018909670676187
0.023013676955883876,-1.052641561596243
-0.15239610526890876,-1.0243277746183737
-0.09163247666842812,-1.0379604335275094
0.15455458240318343,-1.097725195976944
2.491869948922848,-0.7004743886751731
-0.09863512789349223,-1.3317932257625378
-0.12980387799425447,-1.2216860251626658
0.2167291443324205,-0.9643682163245691
-0.05833825726317183,-0.8027548479646303
0.059737293589840514,-1.066087818284131
0.004913053069315252,4.306554682792349
-0.19291019594903866,-0.7946119181447023
-0.00915994265343501,-1.0329361782981494
-0.03532767515771578,-0.6331016891763094
-0.24861202127486443,-0.9305938283428311
0.15679347025962925,0.5624071385229075
-0.34983127315588175,-0.9587027091970997
-0.1567987247747371,0.9514304217826194
-0.4291874213584719,-0.6439435604205167
-0.11649960291115406,0.7355079265171838
0.1573110938706801,0.5484412732308088
-0.0917246953639938,0.6410152173320856
0.12738321311399564,0.3677980216526297
-0.20724378397557136,0.10077400605347853
-0.3421533463500228,0.25917976784163627
-0.24663381257154435,0.11544194967718294
-0.11612813922080488,-0.0030473350479613788
-0.018883974157654918,-0.7442975955427577
0.11098376065726863,0.0008525488491426199
-0.3594034095492251,-0.2793059304858357
0.2535597058687609,0.16848931767713393
0.7935347225615983,0.019580055703747785
0.5085102618759398,-0.8689059799788929
0.23077058135496142,0.05222117439944609
-0.08827070753169909,-0.07055276508730951
1.1823668903101692,0.937987054203591
0.45876772235644375,0.8201296047881309
-0.021160084180683266,0.5568105226052399
-0.14230283963890977,-0.42547219141845866
-0.010642683153083064,0.8848341720346714
-0.14782499505443758,-0.9096885255372157
-0.046452615338894256,0.6652690970824366
-0.18904203890801333,-1.2728939484138695
-0.05769909458609686,0.5734595850422268
-0.17738367847957712,-0.9825887846885558
-0.09939107820103478,0.3149726867159366
-0.206451586673674,-0.8440038312857727
-0.12188403669543998,0.13135366263551707
-0.1530586192827776,0.20089041373865832
-0.17922405517717085,-0.44824811298876693
-0.1576939688812512,-0.08821141231671774
-0.18803371569362767,-0.5686876965086411
-0.11579053065776171,-0.05197278608755044
0.04671351789386567,-0.04568228040291015
-0.12136641308438913,0.11738779734341842
-0.11011993383718653,0.2091973093836282
-0.09491448868253326,-1.0795599153860906
-0.10939085561758413,-0.027016828005593498
-0.20303609052584545,-0.5301730803952986
0.06494874728526036,0.9024426170135691
-0.10776653329146786,0.7764108687045217
-0.13332437811250705,-0.8207083011112538
-0.07783865253478338,0.957054120282701
-0.16019664360942032,-0.3435636719828983
-0.14254121825517738,0.5289140631680898
-0.2613751611550992,-1.0582688428959897
-0.10610793515403957,0.6233891367796643
-0.23041206342739612,-0.7028825600447263
-0.06666362478054451,0.20353833973649957
-0.04188871723338454,0.10904563055140143
-0.2120372633949395,-0.15068226134193075
-0.20084410893539376,0.12572996413543547
-0.0646083856997633,0.26050596077047794
-0.16863427912595438,0.028261482448097026
-0.2291653767222845,-0.851725181797406
-0.06604027386521806,0.07844833839583938
-0.2914117330143113,-0.6002732755918722
-0.184291660687318,-0.5418787552355149
-0.20611505943985017,-0.16514206184572602
-0.26223230604930897,-0.9929753023529212
-0.06894557383329945,0.4816500730020172
0.08192536118202055,-0.2386727979851459
-0.1785415286539408,-0.1397737907445374
-0.3453667627957141,-2.3894391053744366
-0.25444019852417277,0.8569729837445683
-0.823173336639261,-0.7267708717936167
-0.5957844732507502,1.1651850363185616
-0.6175530702061146,-0.8218683437067603
-0.12708938550552148,-0.7234276043054295
0.02240153149622872,0.7068470350189665
0.7997966543018414,-0.7166146109084942
-0.2900901216281861,0.12110091932431169
-0.21525936472109805,-0.7641708771597462
0.17450496461148393,-0.5716772025110173
-0.40815523600598597,-1.2867035438942709
-0.0034800747659969175,-0.0160538177981492
-0.17325667284290103,-1.0075721446266497
-0.12296072646119031,0.14085996345657184
0.07250976503910446,-0.5880500624167135
0.05509735935398275,-0.3410069289553663
-0.25841016542045403,-0.0892618983373739
-0.13916031365480874,-1.0361615850807033
0.06658691877247293,0.4649739279826162
-0.4273377433429322,-0.6252467289487654
-0.4440479343140013,-0.2876292741017768
-0.3343047708119618,-1.0453421948123125
-0.17320287878648416,-1.084072650505189
-0.22167479306009716,-0.6295915416036438
-0.1772983107801999,-0.8010834661720269
-0.061616940184869365,-0.6410215629676762
-0.13476534552934555,-0.9996054965546269
-0.21592658028998699,-1.2075102882870354
-0.039812295323644706,-1.110459453414139
0.0672844168059637,-1.0116719691874234
-0.18744881762929375,-0.9548170427111031
0.04065103073272528,0.14725592858496064
-2.8623145337820155,-0.1871868731461403
-0.24663381257154435,0.11544194967718294
0.22153908205079065,-0.8463594911992098
-0.13499828720427645,-0.5328214803033366
0.18988308605252266,-0.8406199731932146
-0.09165352281294403,-0.5692641443272751
0.20076968441166784,-0.4048533313369443
0.12414300675122261,-0.39453004573164474
0.13994531973535,-0.8520787443065313
0.08548435952789045,-0.6826233199606782
-0.16881819881488022,-0.15100815793614517
-0.11815128300707632,-0.39487489926289665
0.05466742172088911,-0.31342020653889474
0.06945794292924252,1.018221622011411
-0.26539259109101077,1.4626165645571314
0.7455892238271845,0.46072659556854695
1.271119833201271,-0.28608534939028246
-0.23039436919661502,0.998694411948692
0.4375706166487973,-0.33682694045358386
0.6482539190802482,0.5745515643355203
0.5561030205602289,-0.2761212993645916
0.1487310200423426,-0.5270158611309665
-0.015926795455298057,0.10139248622287246
-0.2594651904380783,-0.4019153793690575
-1.1451675840491498,0.5180992749525768
0.25473356340703796,-0.3382788385702364
0.18069313966648531,-0.020460829546015285
-0.06246059813906188,0.11103493792931701
0.22630133815881504,0.1692030883712026
-0.31977775309009054,-0.40882670133408155
-0.07253037711340529,0.30283220554955403
-0.302680685682237,1.1642131891678276
-0.3540183378100761,-0.2261403269073466
-0.13645508766969022,1.247809186521173
-0.4233127355709191,1.4513691675569682
-0.16354767001608705,1.197750982678583
-0.017771436412862926,1.0960923513419363
-0.04891959451232766,0.5280636742543158
-0.1242717130524706,0.5205895319495962
-0.34013225461536906,-0.857912712374613
0.0989743480631575,0.8348869847237105
-0.28214455879422196,-0.6167626830337241
0.44067865288575053,0.5965941036446981
-0.22788053030270236,-0.3009819526222429
0.6678758534178839,0.20492289438714487
-0.24335982466171566,-0.7324229994183433
-0.16378747491892937,0.09511503640634995
-0.0018447276121408762,-0.53455228542134
-0.17167739468665671,0.4804914639350724
-1.0326910358589416,0.27037186767360116
-0.1450003461051718,0.07282463989575784
-0.09762675275933069,0.050826818742517606
-0.22473383484372927,0.11445898835068816
-0.03729749286876626,0.5212101107008397
0.03751427018988224,0.2214393600727492
-0.06528284535132481,1.1671184193759738
-0.26978356948292914,0.6843713818645325
0.027437115763347928,1.3154581997691368
-0.15442329840836283,0.43533435120209446
-0.18129955160774291,1.1921096486049778
-0.053053742004518345,1.138194698705359
-0.14600724303298257,1.4256405888493113
-0.3010374451633384,-0.28067338861728897
-0.1979730847786242,0.6789776581642304
-0.2105609197482616,0.0014679461886308424
-0.12385981674569545,0.6177478027060592
0.046332716091336185,-0.639915695537773
0.0463058223347032,-0.11045247490562882
0.002749588209277769,0.24957584214407338
-0.052430013742571134,-1.015892029658935
0.12625176051144296,1.079214316194961
-0.308432035313722,-0.49531970206130216
-0.0643937580499247,0.41459729251873034
-0.21569442855302254,0.9796752246572447
-0.06597763923656157,-0.12968961687173974
-0.1860787277227965,-0.09080341604424173
-0.04462566379158742,0.7695580188434012
-0.12755458813939052,-0.43382857562158345
-0.09393940342267859,0.07070426309056498
-0.11455857973149068,1.5022903553834304
-0.24364410189395075,0.11432567356983842
0.2811332560059231,-0.5036675788723509
0.04648069477077466,0.011361793641780573
-0.07584286651831784,1.0219265554276713
0.08628218386397543,0.4620091198125967
-0.7807161099812252,-0.47824906645987086
-0.2749373710021122,0.738226394809119
0.40720820707848415,-0.4581266896169003
0.3894498130037862,0.6541542968336561
0.3389324241559608,-0.6490002076888391
-0.0918608523015905,0.19205910866679538
1.1931995691128712,-0.14872279661567156
0.7825197038891574,0.25678884678192726
0.2882128366409049,-0.8728567941567493
0.6635345904997747,0.6132741611845417
0.3122850818739448,-0.28493747782899725
-0.07164866526419635,0.45253265076846116
0.1696827207569702,-0.8987721347806169
0.4403970376926115,-0.8543556168574225
0.13132046336704087,-0.5559593966203935
0.03026978664272159,0.2681883878208194
-0.029387171454537456,-0.7642998811106888
-0.3383783780807306,-0.28439834235713013
-0.15887012096222655,1.5708406413622469
0.4555762193497091,0.10763036582237259
-0.04707596625422091,0.7903590984230968
0.5544258967021807,-0.00511940089677677
0.2736854146563513,1.025791168177728
-0.17359940234918786,0.009296543669966883
0.584368117557414,-0.07618177304393985
0.30455383682358,-0.3357913060448273
0.36389195960035653,0.14079844333227037
0.40664832030175024,-0.8017331016924832
-0.1115586942045089,-0.37284966580646467
-0.1519269309488046,-0.5925403369942813
0.5880066964927104,-0.6832095687855954
0.0777176677322947,0.39227428846363127
-0.01789191276383985,-0.7860530192752057
-0.303960417606222,0.96434949042262
-0.3186794472878602,-0.7399726081537459
-0.2792944574724901,0.050102575119432356
-0.4668437897226407,0.42257085846683057
-0.3224682929300922,-0.8190126020567687
-0.2818066204095353,0.2646423090935411
-0.4875278499134694,1.2482570987029067
-0.15785396938065843,-0.6556677391630855
-0.16815052370056227,0.9085736901925242
-0.13657759224863317,0.6547817732064836
-0.3780945146000957,-0.45220296908277624
-0.3163891053222701,0.13045512740261472
-0.01683714483787833,0.08360776108568074
-0.1390819889554951,1.0860539395342903
0.1245252118840703,-0.3551050617243495
-0.035935214311293956,0.9932927465118682
-0.2132004833302696,-0.22276144472177478
-0.19911405930500164,0.8180335247969892
8.576790092427474,-0.4975457059159285
0.19385010427609362,0.5317922107938219
0.019892706506096466,-0.3582422502180456
0.07068463879368542,0.21677504411457835
-0.029409443779551746,-0.4692682023342171
-0.21312583540469807,0.061852182679423016
-0.22610974633697176,-0.2952746820195119
-0.26194657227941587,0.014623463660397481
-0.2604457017394395,-0.5697269137170626
-0.23717166473225582,-0.07986924552470069
-0.2960283438470188,-0.6953365236619335
0.21347203861372924,0.1621635408454465
0.1724461048893481,-0.23199808049187998
0.04590973124652535,0.3112677532996765
-0.2595885568452297,-0.6350204542601308
-0.34714972316363285,-0.9625042301866779
0.18745042923591604,0.5068362527118649
-0.3227521528133429,-0.5425755141097969
0.18523110628876396,1.153382775711766
-0.10776653329146786,0.7764108687045217
-0.1527348729671328,-0.5719905223313612
-0.023653487841989656,1.0571705279678807
-0.16975767633918643,-0.8138459937941879
0.008250172964950358,0.7514196394755177
-0.248051713814125,-0.8538070343766646
-0.014760409140505687,0.5817664806871968
-0.0022672194802595396,-0.6603673262683035
0.1867013450501036,0.19178381488557425
0.13527960332316147,-0.5279966166825395
-0.36516392845547885,0.08952660905331535
-0.09910720319224241,-0.06280178215967584
-0.10350880418845741,0.011904995368462087
-0.23465593682615934,-0.19684713706398566
-0.14398649175999095,-0.06658526672215813
-0.26148740748556776,-0.8116483217090154
-0.059303410946003145,0.3212984635476241
0.48458243151200675,-0.11380278850802379
-0.17835115044098857,0.30934898821585505
-0.25655522045362394,-0.6646268301628737
-0.1908443315188443,0.46771947885696563
-0.14751514264339893,0.4617064692246799
-0.24039510425747893,-0.25408963801485096
-0.10873915440796675,1.1727773890231026
-0.2198385619228739,-0.3461630998158207
-0.07783865253478338,0.957054120282701
-0.21556545155273854,-0.49671425322222473
-0.11901301253867046,0.684601356664312
-0.24649238445694582,-0.6258514916768105
-0.14378792008583052,0.7790940658494101
-0.22932767383157923,-0.37020849279450857
-0.09794393467215798,0.3841992268882024
-0.3477526993485194,-1.2313810643397496
-0.12261311491504227,0.36756780002473893
-0.22900761887374949,-0.6230712982020845
0.2798874842490735,0.03209901261573991
-0.23652142006029636,-0.7344224674975051
-0.20724378397557136,0.10077400605347853
-0.31830627737939,-0.8105229030727943
-0.03579521119570633,-0.07428081817166614
-0.2989401023391268,-0.5619879276319057
-0.1824419826717783,-0.5231819237637638
-0.0482526665270802,0.5067523187626501
-0.1479056460732532,0.4760263745019356
-0.25285587954808614,-0.5258957862907309
-0.13129473900797478,0.6207235752082995
-0.3555537775743705,0.4917668810122717
1.3042948081111514,-0.42384382627548545
0.8883966296134383,0.9573816675149274
0.45994207287141275,-0.7636370411436523
0.047587914666157936,0.9763322146997482
0.4364723562231919,-0.30969317641984195
0.8224473620623914,0.7794216130816366
0.8543171395301813,-0.700213954728028
0.7695088992002509,0.42912520271513654
0.9148143084107367,-0.6900998270139049
1.043319595982085,0.24205854942876168
0.5363349263018917,-0.6310820256892626
0.7165704363381104,0.07882879234863645
-0.5774292532531293,-0.48795614154975475
0.3860611652359661,0.11487246809695983
0.5623403984911118,0.23035134772026258
0.3387932991944005,0.02574615320163844
0.7624987956670605,-0.6937317616422061
2.1587419529905283,0.21273055147381323
-0.5448372636874672,-0.24198749644387615
-0.3597794946711928,0.6936808729349819
1.5611592687097702,0.4118713875508793
0.5211052462659006,-0.5851854936546435
0.055054276488981216,0.7161485843528942
-0.21685740096641207,0.4207522372263588
0.527465718145835,-0.41159591922631145
-0.030366748053007698,-0.3567155107372636
-0.18706475694347513,-0.20895279226883284
-1.4132839261924353,-0.046704196554054
-0.24403559321920268,-0.5794741945376374
-0.15624963789521057,-0.5048439985971231
0.35246315560895664,-0.9018495093776631
0.165551160733993,-0.062280821315663704
0.3673213351603645,-0.9889419533756052
-0.12496096920442416,-1.1445992987479394
-0.2835619808980881,-0.8309306983141032
-0.36503775079305517,-0.9222512671321811
-0.4349080557528972,0.28025324007087254
-0.320058770179422,0.15079475120828023
-0.37046526744234287,-0.46925001770558694
-0.3718335320469522,-0.424149616080192
-0.32169095241136797,0.750014371256766
-0.43242856829800436,0.44371320877811354
-0.4349438183529502,-0.414970008438374
-0.1308986479197969,0.1990033470029943
-0.4050155051217399,-0.9059757228300451
-0.1819122832537939,0.16075572279310826
-0.31345209015288733,-0.7059330035166702
-0.12591369787278311,0.30998389333043497
0.038789154646305044,0.680112688446591
0.06106248187259935,0.9283932287844838
-0.018415213978405277,0.9367353955765008
0.0866926215938532,0.771009203267698
-0.018865179246401683,-0.46803301167964856
-0.1451807818371852,0.30468467225768414
-0.1284437273605664,-0.359721241364167
-0.2443004179920357,0.13138893378256417
-0.1878449087174716,-0.5330968145057978
-0.21364345901574894,0.07581804797152158
-0.3145251240024159,-0.8823048383794445
-0.279592726566796,-0.10214200646176921
0.1472774028638976,-0.7647581589507416
0.25765742588997353,-0.07970956619090395
-0.3005806288991536,-0.736385950737264
-0.3350245930902429,0.047921588534371416
0.06156009297428899,-0.6192651471088764
0.7161789666815508,0.2661174786982691
-0.14054543223871183,0.5937864983130601
-0.44088848076213816,-0.923664002475454
-1.5335170173221966,1.6619384411362357
0.038789154646305044,0.680112688446591
0.038789154646305044,0.680112688446591
0.038789154646305044,0.680112688446591
-0.2098551649318097,0.585397946198235
-0.13842349226775463,0.8319817545155643
-0.231041216578215,-0.8210377700580779
0.2617751518773962,0.22335812515657064
-0.19227105494065638,-0.29948603959495357
-0.10875750171915262,0.12352645826150255
-0.2016678410467777,-0.4739361010920529
-0.12828371173561756,0.10639770455356012
-0.18707733227025186,-0.8122837498191396
-0.2001150307157914,-0.1104841732537862
-0.2567890144325071,-0.7244232909604659
-0.3715636034956564,0.0645706509713584
-0.11719949934662649,0.47704914373938595
-0.16378747491892937,0.09511503640634995
0.03697791216974424,-0.4462088822128237
0.04927837304813568,0.29928300682086034
-0.05769909458609686,0.5734595850422268
-0.0991433680157381,-0.28905082655635306
0.45500761089827413,1.0194030376165797
-0.11495374536845049,0.17536312793447245
0.038789154646305044,0.680112688446591
-0.19973741022032823,0.9431235261376494
-0.2545459258284485,0.9680971197931298
-0.3141429037440267,-0.9442172353007898
-0.1501875951260081,0.7541381077674532
-0.284448832091767,-0.722033063591562
-0.13004803717732158,0.3705435725269792
-0.21943555810811402,-0.7957811722701451
-0.24554711982268884,0.38156893646388457
-0.22261729052814258,-0.8471407005057457
-0.15181191745212447,-0.049289588942662145
-0.28401656105455186,-1.0188416283288309
-0.2001150307157914,-0.1104841732537862
-0.2721040621678756,-0.8600320774423759
0.10898797464080304,-0.06401988629582765
-0.2922074401675248,-0.3515258787338652
-0.12136641308438913,0.11738779734341842
-0.2594039354911449,-0.7331550294396723
-0.1233421931346446,0.6037819374139606
-0.22884621504402414,-0.6104234024832847
0.038789154646305044,0.680112688446591
0.038789154646305044,0.680112688446591
0.3704038441767685,-0.8606172933012145
-0.2011102660054727,1.0199807077614356
-0.17630616809179245,-0.6529482379050717
0.038789154646305044,0.680112688446591
0.7351817443083217,-0.9284590490414512
0.7388519402239638,0.484696088526179
0.3750507463264507,-0.7634388371376418
0.6149573965219536,0.4058930592361572
0.5136211665043644,-0.8414781380581773
0.63509695447064,0.022298523995683123
0.1483372104385106,-1.0529312678462859
0.5245193844600358,-0.020558454422523482
0.0025164893524025084,-1.0700507696030517
-0.04001908517141058,0.0005952446388377389
0.0009852410988811307,-0.36736684433961614
-0.1661955779261758,0.19990394861433353
0.16943507107383982,-0.7000981452228898
-0.0045268962080000814,-0.6772872717792574
-0.21075242889276907,1.1803323172158289
-0.488624797789956,-0.8408934161015432
-0.3706683593891422,1.1042124850706954
-0.031020736635672713,-0.4599253530067676
-0.18305882968645357,-0.43225092663287534
0.5299656874381861,0.8864681963283813
0.0719220695574758,-0.7891172235955634
0.36807502565225386,-0.8069836764763466
-0.1985858315502169,-0.2510388867189986
-0.34103791083471446,-0.28014313495458043
-0.23297856544617035,-0.9546928395828426
-0.17805201639763085,-0.8817043621426444
-0.1759569767264576,-1.0964718206937452
-0.31889049967296895,-0.9866985401691919
-0.17967509087455624,-0.6303788939718885
-0.0219499762903026,-0.6311479722191637
-0.3015773627680963,-0.8527643990058275
0.19085525956895413,-0.46400014661330424
-0.04402227680086772,-0.5143026674304862
-0.09280678834992337,-0.7406318657673973
0.10458413099371579,-0.3281155520187362
-0.1744402792991914,-0.2808551446523284
0.08272102731528848,-0.6709835816495878
0.11406860307779439,-0.14004463339726417
0.1921780494497313,-0.20462377949252675
-0.2794581559915373,0.03461958617461247
0.0721932308324211,0.855693589265499
0.008673127558677987,0.0029109524953496455
0.07838716806121396,0.698660602914516
0.510772473135536,-0.028917782877867265
0.38515207196835577,0.3161270197386911
-0.20278845596825665,-0.6275096890243852
-0.006384954050072707,0.1203282986986117
-0.21794806413367007,-0.36658013051881727
0.08136204890308357,0.028491704075987907
0.024233515280987255,-0.9760331055027005
-0.2862038562155251,0.095150307553397
-0.39906109379453847,-0.6172305725199165
-0.2550292736281874,0.025613556450255776
0.024381911309410056,-0.8950672013643568
-0.30003845351798186,0.07317012197368028
-0.22504995388790017,-0.48211040998641536
-0.15179191148591442,0.5019769862728504
-0.22701531258848454,-1.5655163225253155
0.2824523394033437,0.3770642998395104
-0.27035589558345724,-0.7991604145969599
-0.27693315701857796,0.6733539596641488
-0.18675818571753303,-0.46964458957637756
-0.08372070396391011,0.9181322969086454
0.008857733787221218,0.0061137582444487195
0.09309229663403078,0.7959651613496549
-0.20879660943209918,-0.1613405408561475
-0.33619742786116985,0.7110049311211607
-0.06901889535032654,0.16259757013358825
0.012296447459409181,0.20916203823658117
0.003411456703474782,-0.6160121247713802
-0.14489461880089605,-0.03829949615280385
-0.23452978941481878,-1.0059502513922007
-0.18246887642841123,0.006281296868380492
-0.23862525165961765,-0.520286305201757
-0.15129429384107362,-0.0632554542347608
-0.01857904646119533,-0.6083424182328552
-0.07347519612749734,0.08142411089807966
-0.07478037190089469,-0.3793644255692735
-0.10548458423871294,0.4982991354390042
-0.1961772809429029,-1.1288141458254732
0.3157488619616384,0.5457228049388735
0.25928634797901584,-0.3918019657935698
-0.06358114601522358,0.5345377616681714
-0.07783865253478338,0.957054120282701
0.0032679134854878378,-0.04179423871180914
0.06956409091752387,0.6402778678534327
0.02147247763903314,0.052822868659263535
0.038789154646305044,0.680112688446591
-0.1837740219507256,-0.657182001456254
-0.13560730390975592,-0.5104883628494513
-0.049741964075382325,-0.45766476813625245
0.038789154646305044,0.680112688446591
-0.37655041081826895,1.0652906616966398
-0.6098213256359066,-0.8655870697895942
0.06904646730647301,0.6542437331455313
-0.023955057081563154,-0.2666319751499249
0.5687762232292436,0.5828937311275373
0.1143992805130291,-0.8704173975034138
0.40370731952334626,0.23163793821912657
-0.05821213355976331,-0.42675726504981504
-0.8047726071628125,0.1615516068205011
0.3225691516482709,-0.8910340170242896
0.20577421621614478,0.09332886807391107
-0.0963331880000687,-0.9573010028839023
0.28997256231968277,-0.021482565817387073
-0.40803954019539973,-0.3233318437557622
-0.4362461632498402,0.18769716907225967
0.5676579200431936,-0.7209902535827006
0.9189074286690234,0.17722138543083846
0.5447303939016859,0.44117230292341364
0.5145910585364499,0.48277732344235763
-0.3775975004333236,-1.265309297866524
0.4318708748383264,0.6764270577707246
-0.06386500385923503,-1.2552144020849958
0.24248273583981436,0.2660258322462203
0.3479739508056431,-0.36502455823135177
0.3800844967092917,0.01982161563466203
0.01289010720080824,0.0263387501467531
0.19261605567712126,-0.8352635445469702
0.04469686615017026,-0.19858807075744755
0.908601542752141,-0.7784000598102788
-0.06072783121477662,-0.5124541353678113
0.18512161929379176,-0.5232934467776568
0.22554459195882798,-0.49934604052204234
0.15049536060958818,-0.8924991100330262
0.01726479277169763,-0.3999933612063491
-0.01202391672552141,-0.2881854960920609
0.11478241571968019,-0.5454058246893481
0.22438550906081486,-0.812621592387536
-0.05645238417305324,-0.7604837339534832
-0.02485944675491388,-0.46300907572401134
0.16962199558096314,-0.8647798008659473
-0.3112848722630182,-0.423988913781092
0.27468902977256576,-0.9209861147871139
0.17624543136583565,-0.8529859077368734
0.223019577860327,-1.036743033082938
-0.4291243779038847,-0.8458203557273428
-0.31398979103504226,0.7039688873932344
-0.39134323517966085,-0.1998040863901501
-0.2534049513020711,0.829041253160371
-0.03886469728526619,-0.37226086759424093
-0.14894089329535495,0.5039581050861328
-0.19054519747548662,-0.7233338715015339
0.039816225208847325,0.494594202022744
-0.10988617665253747,-0.5107574033472476
-0.13216997714827874,0.13234831632447486
-0.1987583705821666,-0.6420749975872054
0.012391751096574114,0.08922423268968029
-0.27371067513766933,-0.0632201830877137
0.17402353607501195,-0.5341370546795227
-0.13805202857740548,0.09342649295041927
-0.3780217373530367,-0.7726912271879127
-0.23201869152273139,0.19526671523857667
-0.23201869152273139,0.19526671523857667
0.24254468719631972,0.4056981087553134
1.4502955356628764,0.7119985775431606
-0.16462052347380085,-0.9562511510640381
-0.2534049513020711,0.829041253160371
-0.1569156726602258,-0.4705066565147278
-0.05181704315697013,0.6123814084162824
-0.1670146886059412,-0.6341936584688276
-0.051922770461245875,0.723505544464844
0.07532460328062655,-0.7109806070714675
0.2766964419287085,0.5114652975229887
-0.1807768806336987,-0.710362659898393
-0.07431000165137533,0.428762384335863
-0.2958799024419713,-0.9183827623095117
-0.18856238246608945,0.18960774559144805
-0.15093438270193305,-0.6098873459081026
-0.20212404394342928,0.12073877251904408
-0.18246887642841123,0.006281296868380492
-0.07515836116058786,-0.4877387142514651
-0.021517698709936393,0.054469398429316716
-0.04087667241010062,0.09055898993690524
-0.024242562946004364,0.22581110067356816
0.41199747395971925,0.16577084938519845
-0.26673960409871655,-1.009819150633503
-0.058840069112474365,0.7125154516749858
-0.25012866678235496,-1.0677967117844203
0.04142054156875346,0.7467553235173469
0.14629607519823895,0.7856500643089884
-0.2901016958480876,-0.5680642652409937
-0.2761840728327656,0.9884063974904393
0.08522281734627882,-1.0052300535760998
0.03375415873171267,0.42071279290119795
-0.23816000364912387,-1.1138974766715248
0.1774706577855767,0.7161133132058471
0.2655844445427545,-0.9017475880091345
0.4969449042490697,0.366011853320191
0.20603483690634336,-0.9534143034318276
3.9918814265235696,0.26233817956026934
0.4363646642790245,-0.874580608759727
0.25470714750155526,-0.7844767266938647
0.19497065215225506,0.10828938705496752
0.3964593152250391,-0.9124938803074399
0.18908860072312833,0.06936756368091192
-0.19454951145410856,-0.6940079498976572
-0.1189254001491816,-0.8612801332682509
-0.09132632279147017,-0.7283406457938443
0.8421838393403829,-0.885800593902978
-0.3180875110562549,0.9521677712612723
0.36233679419655607,-0.8345201966423079
0.42414606343516603,-0.6645961547800198
0.5431575927300311,-0.5748835810590059
0.02874735402528033,-0.21359708790342266
-0.10642986399851144,-0.40778391177305023
0.41219508798956506,0.10065564671475401
-0.0031540404228553413,-0.7541444534030437
0.03435715862453124,-0.49551107018876095
0.20582798860386908,-0.8642601922617364
0.12162732422175085,-0.5815642969782816
0.04728030758656377,-0.8841430451036243
-0.012393114057066319,-0.39592848851889967
-0.08887784998740389,-1.1706802240734393
0.13958189874489318,-1.0014772931144336
0.062124622851333966,0.37099827756814246
-0.07713185972649761,-0.9489802091015476
0.36393040590819825,-0.5805881471916771
-0.12164797635775255,-0.6551481305588749
-0.04720399409535471,-0.6669995765947277
0.2392414892987357,0.5236606292776925
-0.14408945907432077,-0.7473831991256766
0.33457165479148465,-0.8864880704056188
-0.04087439092575484,-0.8570766449837197
-0.23288090673619116,-0.46276393299343227
0.295091680401901,0.9432832054714462
0.20930197381998375,0.05920171684877051
-3.2907592871267135,0.6360674123977134
-0.03520153632876574,-0.3584414871901347
-0.11364858472059458,0.7374890453304662
0.29742733479706285,-0.8694939998009058
-0.1060022078497638,0.5122650007311028
-0.17516710628553103,-0.7896018803264498
0.05943815954648283,0.12496553207436861
-0.404398642981523,-1.0982441008895742
-0.2190078868338248,0.022930359305367427
-0.13189772173601225,-0.630579194330521
0.04767405668822938,0.047121885326257516
0.4890985149464115,-1.0787535793578384
-0.07033843558465432,0.007240679410291184
-0.33256733912689074,-0.7800248421535871
-0.0015381498430476846,0.18718185265686452
-0.09151324075544251,0.4187669452349624
-0.03599369479718943,-0.7001017280225545
0.13790061414159593,0.6958216710820612
-0.32895906663411045,-1.2878304650601136
0.013276992219983071,0.8532327791812611
-0.26282520798006165,-1.0053302239490827
-0.004760631723956336,0.923755995408727
-0.0035139298933030867,0.6735759927274066
-0.14357183546326993,-0.7613490644177753
-0.05842817280569915,0.8096737224314486
-0.23629411485652282,-0.7418043834187819
-0.1060022078497638,0.5122650007311028
-0.13898567361513633,-0.5288408934108924
-0.012267005479199428,0.08140647532455614
-0.20235616980549992,-1.0256556346902945
-0.17018714995910694,0.07015907832439301
-0.042271800520259695,0.4624478503371631
-0.09122707771915312,0.07578277682447454
-0.24562785750805705,-1.1181312402227075
-0.060052495131815556,0.006246025721333392
-0.10826213108186308,-0.29293289590479804
0.011261200237307471,0.2370937688207784
-0.04468828989719016,0.4011232291090177
-0.08195637852220604,0.6539864289352264
-0.045934991727843405,0.651303231790338
-0.10187988209941519,-0.30018740423420376
-0.004137280808629763,0.7986659940680668
0.2643085674711227,0.8255312702249546
0.554518716709684,1.0054100897420668
-0.5155776991801434,0.920628732137323
-0.660307134297621,-0.928309814531272
-0.3786723507892261,0.8270954054941356
-0.3973245468066459,-0.9415119514538841
-0.2098633415913692,0.4278111903585853
1.1106301083041412,-1.125754935855507
0.19424157393265284,0.3445035244441893
0.8112930863852129,-0.8900261688895275
0.22026318331046615,-0.0001691874222292483
0.4699534698844882,-0.036494484642738856
0.20725237862155935,0.17216716851097996
0.8705435534351152,-0.6297320384940839
-0.030656167278897504,-1.1001767541100054
-0.06792428615499665,-0.6446387924265153
-0.4752985832827702,0.15343966165637493
-0.21051679930697967,-0.7526603334964099
-0.2486166275809415,-0.7974996674157988
0.08907987726687813,0.6485929520630356
-0.564636901337681,-1.0576288090208972
-0.3753037089876159,0.8151106590153195
-0.377380712851893,-0.7909178662909875
-0.11580208975212156,-0.8424753515814967
0.249668775695314,-0.694366496507805
1.6955957974998244,-0.6266440092840446
0.3999156430046066,-0.9108577696618833
0.2605576555388049,-1.2062354895721592
-0.06458718774526345,-1.1173041251576816
0.42593494922938147,-1.188983401064786
-0.19166347899284392,-1.1461293017546634
0.20385676293991473,-1.1893740057180537
0.295280849599136,-0.9487852586207037
-0.10421101032011958,-1.162432642331569
0.2724186786476443,-1.1388098941993214
0.12189954938293415,-1.1418170457759962
0.032815885719212144,-0.9495489869901903
0.03433256147778583,-1.0150208654058819
-0.07476455809990706,-0.9442492429218952
0.06829278539697418,-0.6114778600681171
-0.07449229614448948,-0.724750818191142
-0.2554954128790108,-0.9527999390584181
-0.03308189092845666,-1.1374624668385045
0.0411166994272247,-0.713174860994224
0.2039175551612391,-0.6462899279615366
0.19019338119865567,-0.806887640789967
0.20384988169264306,0.873781725515352
-0.023442033233438218,0.8349222558707574
-0.34334856382044887,-0.4830195902778158
0.26380016505461634,-0.5104545026514005
-0.2511907926355481,-0.6117391414967195
-0.1388511484165023,-0.08806715798858879
0.14041402376911222,0.7467282409349328
-0.019135107797697462,-0.9567532787311991
0.38192959008744715,1.0527011624905536
-0.004760631723956336,0.923755995408727
0.30572358757562307,-0.8040378556638296
-0.12511123525691023,-0.6992924131683013
0.07270963684536402,-0.41570020276475217
-0.17811275669917942,-0.7463746472993342
0.3739255986873633,0.7755840829139937
0.062462209745684276,-0.5590157279285553
0.16407526468738245,-0.9874173757447168
-0.33264430533104233,-0.8967540081626284
-0.06652217172978694,0.5150768499811436
0.08708409125041243,0.5837205169180654
-0.041058982028756554,-0.9616168316614594
0.49919299817451845,0.7775299305802291
-0.04718169355849655,0.9014832344716585
-0.34926209364359245,1.0217045223644134
0.47051181924848706,0.34670667632072966
-0.06946319744435031,0.4956159382941158
0.3322605022859073,-0.99479197143019
0.1585485397600119,-0.5587883754079735
0.16255628577577036,-0.8553984168655087
1.0193999206090185,0.2736599422821721
0.09809910992285364,0.3465117258398859
0.8267565604000874,-0.8761262401265547
-0.14014474138760807,-0.9434538262050264
-0.01797607027630899,-0.3394655840797837
-0.23694937176046607,-0.3624367904298234
0.8249407657236975,0.27906160771899585
0.13440853855761978,0.2760117209541334
-0.10201283076061614,0.8682880413627346
-0.4912894602184709,2.666912275115548
-0.2056678127753161,1.9010788305608255
-0.31188786357344633,-0.5915283670055228
-0.17795047471542635,-1.1265539553735908
0.2685662965741331,0.06102539688889499
0.0004330844032970333,-0.5714676502012082
-0.030768391940673382,0.02753232153407716
-0.06645217017199313,-0.01870993236062355
-0.17899261627110194,-1.0003183643274862
0.0637427883723363,-0.617736986678323
-0.008482303417435456,-0.5807830976725208
0.11686581208639536,0.039774372223198205
-0.06645217017199313,-0.01870993236062355
0.13987640277424188,-0.8743357853028707
1.64165298402403,0.15517529192995566
0.5801827115582441,0.15839625369972515
-0.10377873273975328,-0.4768152716830884
0.07835559114256915,-0.3700277597247726
-0.2862038562155251,0.095150307553397
0.0721628097814907,-0.7881499717627426
-0.08147914215095638,-0.499705111464402
-0.2504255344669084,-0.7230416154179047
-0.16658246294535073,-0.6269900804201745
-0.49419143940080346,0.28685419421552855
0.09737001003455863,-0.2983626912280009
-0.02782969431530783,-0.9392916379140166
0.21295441500267837,0.17612940613754505
0.01885377844396867,0.3305681871046869
-0.22438037043809514,-1.1068553897592375
-0.21725284758452512,-0.8955903927682324
-0.11728028240861939,-0.7186388901612841
-0.5318714243325945,0.44255912328527436
0.0666261337907909,0.04325953356607159
0.24288229575936285,0.35677265771572436
0.09824526984355517,1.0711011221129323
-0.6058743350472384,-0.9255300154751784
0.10773664156791361,-0.7335776742861129
-0.07504611483011923,-0.7343592354384393
-0.20315763817426002,-0.8365900623798647
-0.11117094090126081,-0.5857616017798647
-0.004210602325656907,0.479613491199638
-0.03948156596863425,-1.1624184249204614
0.18672135101631374,0.7430503901010868
-0.046452615338894256,0.6652690970824366
-0.5611221515351448,-1.0234379518264938
-0.2339898415589778,-0.6365340028609435
0.1814714510130523,-0.5040934546726661
-0.09052766042239532,-0.42083940917119617
-0.3147188692546447,0.9401830247824562
-0.01107036097052344,-0.9163032949265904
-0.1867266055314216,0.7707871702044402
-0.02828883744046324,0.7680687019125046
-0.3481708076749624,-0.8101145225474156
0.30913071247930923,-0.7576580191381252
0.452885670927317,0.7812077814140753
0.014132224394077087,0.7903414628495733
-0.008410843342081201,-0.8192211214004994
-0.06807380684180578,-1.1210554438967495
-0.10910559240401527,-0.858262347080133
-0.14585378451602485,-0.48323733115225775
-0.003620077881584592,1.051519746885385
0.08207727796158969,1.0331739524278345
0.038789154646305044,0.680112688446591
-0.04345666136889212,-0.8480142499551363
-0.13250994731906904,-0.7740797390553052
0.44258205136923884,-1.0207119178190256
-0.08088968315717023,-0.7149164758079742
-0.06124775797886599,-0.4319411896121966
0.2639239790618351,-1.0503357746588184
0.01066660387895396,-0.8480954672819134
-0.08122730030260376,0.41777229154600465
0.13715152995578345,0.38076923325577056
0.07070464475989548,0.7680416193300907
-0.2191386904235606,-1.140536268636661
-0.1435472599852172,-1.1229278236577631
-0.18432782551081375,-0.7681277996321919
0.20548805317985544,0.43631303648439906
0.12738782800246307,-0.8490594555887921
-0.3093498633423356,-1.0035379373212794
-0.01887813512792849,0.27869878933972236
-0.04354731537081287,0.2620673624762589
0.322693002449724,-0.6511641155032395
0.5741229568165384,-1.0657955521997267
-0.06645217017199313,-0.01870993236062355
-0.07873389664129744,-0.08258771381663609
0.20453211414841752,-0.7720112255575498
-0.2743136059459312,-0.636109160026707
-0.18841167470223769,-0.8797367470481139
0.0018843530520789504,0.03683387086800496
0.10519171675214566,-0.02058948165116764
-0.2866538063579797,-1.410955480631393
-0.29881398517886953,-1.1684162801028397
0.01938672619950382,-1.144224040389594
-0.1869557694962957,-0.6072041487632143
-0.07086019944115159,-0.4165310552659169
0.035419239101099634,-0.6475564976905399
0.039510056206347774,0.2863117952177195
-0.056452392755443614,0.3232795823609066
0.0084454470475233,-0.02689965625987867
-0.22993063489092416,-0.7404227078762209
-0.0714501980758186,-0.5510511359812508
0.010637428637975267,0.6290033882708553
0.04527060536368464,-0.28519550617871287
-0.12364836213714396,0.39549953060893617
-0.019913382350030196,0.3066305199239196
-0.4323084286024932,-0.7292954225707868
-0.08028674376651794,-1.2257908151833705
0.4819552194427671,-0.4329581150601111
-0.2691699643054358,-0.7113359405776886
-0.13847736644757305,-0.9945068809458907
0.3835677615746595,0.6152324734596005
0.16067973567229035,0.5364565267519927
-0.14254121825517738,0.5289140631680898
0.00309719975542585,0.4762836787122405
0.5953892345720422,-0.18206733115111495
-0.17908022866059087,0.5455631256050767
-0.08762697534278134,0.3928163334640477
0.8770554596802199,-0.7500592206704603
0.035961438190203386,-1.023101122222626
0.16067973567229035,0.5364565267519927
0.43259995305792903,0.44021292038150295
-0.09402665038295892,0.3678603753820907
0.4182862540799706,-0.7958748950732656
-0.16992649901782497,-1.1792588550386274
0.11427776965884895,-0.3970832059595118
0.19648035999700453,-0.7794418368530619
1.1764848388810425,0.8990652308295354
-0.13912110721888124,-0.37411266318285785
0.6128016014236901,0.8573276135592087
-0.11541291016229857,1.001634913303885
0.4722506477207254,-0.9252103375338622
-0.0011536329747710615,-0.9237035601137461
-0.02468414184431659,-1.0128437731464524
-0.3200436939389195,-1.1771776366601603
0.29651366547445884,-0.7378200490894237
0.8921567410716079,0.7581082346864787
0.22686736017091233,-1.1210582278583734
0.5560037754879118,-1.0802447219829105
-0.1979730847786242,0.6789776581642304
0.7330960427493287,0.6190970862096574
-0.2932788370875807,-0.6511805734749858
-0.1661640627379243,-0.5639908138734833
0.8803926382133545,0.6802645879383675
-0.2079190898074493,-0.6206009168929473
-0.03681045245159797,0.5049174876280436
-0.014242785529454837,0.5678006153950983
0.04832619895476324,-0.5084961799292869
-0.20382365781373366,-0.9035901012261102
0.3361221770949739,-0.5578264430324764
0.41347563636513396,0.24460914982226742
-0.06873411922474791,0.2594018009048941
0.6006798840361836,0.27714284263517447
0.038789154646305044,0.680112688446591
-0.24820664399428222,-0.6979391724479554
-0.09845418737943344,-0.7690490942035441
-0.37744565492478316,0.02564882759730282
0.023875937545968322,-0.698623056150156
-0.13216997714827874,0.13234831632447486
-0.12880133534666843,0.12036356984565874
1.1494325820440534,0.15614957696736997
-0.28281292696335886,-0.31320349863053126
-0.26040301788975084,-0.4789742544587978
-0.1883240492264466,-0.4607663662091786
1.4927819375618911,-0.5165784726758622
-0.1324071903561964,-1.3401151276558811
0.16242311506456478,0.849037379103833
-0.22227132073037312,0.7849646471669767
0.5255224116402479,0.5711787821037541
0.5969618936911034,-0.3338344967609744
0.5480099327412978,1.043400771096957
-0.19420524473765913,0.2642735635872634
0.018957568856616577,0.15401133984057813
-0.42646442856627503,-0.14884135116285196
-0.04533173382226476,0.8095809455359625
-0.1039003608885547,1.0338279720198917
-0.21608738462363267,-0.5615907283391818
-0.3221488646566811,-0.5869725622214539
0.1340506337252841,0.968033033500047
-0.16380589238410775,1.0133782585822981
-0.15519434670490406,-0.4372364784579601
-0.2765509053013451,-0.8267116971350982
-0.06782216373241876,0.967498423306232
-0.575230605666419,0.19140507414417907
-0.06833978734346963,0.9814642885983307
-0.728314724167816,-0.6717810468959486
0.33308961324266295,0.9954811533188381
-0.26527479303130574,-0.8181756849745989
0.2085944267598876,0.3785794475549475
0.014560529621332674,-0.43107465445191284
0.043219878283119524,1.2890488295393903
-0.0710053367593636,-0.6109760883295059
0.0816742155783795,-0.31140909754580615
-0.11972708545182079,1.1759882928334837
-0.10826667952055975,1.0001068073614436
0.1567185969028449,-0.13029007119249528
0.02610327405896593,-0.08204584977912134
-0.26535357701024836,-0.01174466661491315
-0.004121135321356632,-0.47226465181193517
-0.14491303626607438,0.8799637260231444
0.15734533914719845,0.8136053621634488
-0.7575474383409488,-0.7859878526036095
0.5772426469144303,1.1576075768046177
-0.015325047417945038,1.0648817332115645
-0.18665104313995207,0.14015252634181227
-0.1484373659453055,0.44171648876378894
-0.16657359681107461,1.0943087171488068
-0.05107451416570735,1.0832833532119013
0.4247221156123366,0.3364186618624772
0.2004612339248225,0.33449989677865577
-0.08007985866980914,-0.5351937528249939
-0.08386686388461176,0.19354290063559906
0.004735371242638283,0.038814989681287514
-0.23665404112120497,-0.09383511081679927
-0.27720083433661113,-0.5603271804507449
-0.1359300886064483,0.33162174915292364
-0.056970016366494465,0.33724544765300524
0.038789154646305044,0.680112688446591
0.038789154646305044,0.680112688446591
-0.2793812265816199,-0.6284024213448143
-0.23665404112120497,-0.09383511081679927
-0.18707733227025186,-0.8122837498191396
-0.37269577751149496,-0.8795055024549198
0.6068587663556294,-0.8084416038857535
0.9702415751712579,0.2753566743027357
0.6608955047689176,-0.5866163384816362
0.273930724392209,0.11391308555504914
0.04612119443746759,-0.9947438351118365
-0.0410543323935123,0.02852697522303495
0.07719882652313585,-0.8511877729824228
-0.22893161299448447,-0.5892539591425328
0.14894250490197722,-0.951938895085371
0.04448070467167489,-0.38939068468872684
0.2733546419639553,-0.6844269692301664
0.29713051248913414,-0.828751046220312
0.2752673936851653,-1.070281694922523
-0.05982103455705401,0.33526432883972274
0.05567804808831326,0.3242389649028173
-0.3577137471586341,-0.726728044931812
0.6411747039379211,-0.4927055987822
-0.09311755711534883,0.16660582374035954
-0.061605365964968115,0.048143621597629256
0.371145757273565,-1.0328641842806823
0.281149445114292,-1.0313598715484673
-0.14129451642452417,0.27873406048676946
-0.10527312963016151,0.27605086334188106
0.3165855585369396,-0.6851062471673989
-0.20985413552236631,-0.820803066881228
-0.10775500567641835,-0.46834445278591896
-0.5000734908299301,0.24793237084147293
0.0022501442408914968,0.6967617508835781
-0.022552945932038108,0.08240112901351393
-0.055205690924790544,0.07309957967958619
-0.45954059665615626,-0.7892822180834792
-0.2144133300336166,-0.6622112525660104
0.22082457632613625,-1.2473574006577317
-0.011425702597821137,-1.282516737708748
-0.1798632264366363,-0.7406992296812344
-0.4752985832827702,0.15343966165637493
-0.2705020187099247,-0.7439986373415381
-0.2018324781033451,-0.7056235051541075
-0.03932386207911429,0.45401091777517194
-0.19136195512989518,0.48168534414906433
0.038789154646305044,0.680112688446591
-0.1690804512440414,0.8875526403266069
-0.08256865602503854,-0.16792790838938507
0.013614600783026239,0.8043073281416719
-0.3941965651056491,0.9485251915744731
-0.57731468864408,-0.9024611241288856
-0.10449483995228709,-1.0886703162418783
-0.10449483995228709,-1.0886703162418783
-0.1202597143693236,0.9347813593456323
0.6124639928606471,0.906253064598798
0.45791249018234964,0.8830209211198187
-0.0986758622288306,-0.6451969357037155
0.23192990319252463,0.9624162385282873
-0.11832745620174663,1.1947657631674522
-0.029225418819616582,0.3796859358319198
-0.435199240118025,0.22387457202985522
-0.16825270718149085,0.2350240062726028
-0.3307940251782115,-0.8776191891031214
-0.22158263970019068,0.07201628225573543
0.5536234726031698,-0.03423174435727009
0.6378872106909581,-0.7214791968048325
-0.35267074737762305,-0.06884388158779527
-0.011771769639137742,-0.8118882126684595
-0.43961945468669483,-0.7904618913334186
-0.07211203209322115,-0.48432571764511123
-0.01704235819326064,0.8598782139527145
-0.10776653329146786,0.7764108687045217
0.001850497924772781,0.7264636813935608
-0.16177179331073835,-0.9890603327158803
-0.19181695263534326,0.8640859991755464
-0.25671339565114326,-0.32296912871698524
-0.12483590533898696,0.640806516360627
-0.2773757186727115,-0.5413964431345106
-0.15387171974521718,-0.010020850582367827
-0.1840881093988612,-0.29735448505969786
-0.09344986814309787,0.34902149316036274
-0.4066128836361142,3.8303555280677446
-0.24493497436303358,-1.377919660151325
-0.12755463351601518,-0.1298164328356616
-0.2082744314347471,-0.9868143596751053
-0.2278809595690984,1.0496009818015635
-0.6711352435884804,-0.7544452981675093
-0.4519034843090377,-0.7877925923259146
0.08522281734627882,-1.0052300535760998
0.3516641007677193,0.9209833619519635
-0.12113887125850524,-0.8716883284222925
0.13995902626366422,1.1291288959614152
0.035788994738019796,-0.8692572297495381
0.4309956366980227,0.1880517988869
0.1390257617806834,-0.8432012489695744
0.6162040983526067,0.15571305655483686
0.2985876481012858,-0.9787416242336823
0.9340401667857363,-0.7393456496856157
1.044566297812738,-0.00812145325255862
0.15467381177301798,-0.6234237526002214
0.8575981104793756,-0.8271569392598577
0.0324735886874513,-0.6043292646634243
-0.1432313432061725,1.974335839019684
-0.20750073497664764,-0.2535895075603343
0.038789154646305044,0.680112688446591
-0.13126324548841586,-1.0242597417366257
0.18083458290662527,-0.8630916518286498
0.7193766400724498,-0.7858893258705492
0.6884297964915803,-0.3687139779076578
0.039911526370924946,-0.7721346610056882
0.20258270803892078,-0.05821742207422064
0.1468853605211206,-0.8154814564984609
0.17860041173074118,-0.9560037677728204
-0.08901508333868902,0.2373316615771948
0.4584612328792666,0.32964262397730176
0.07622748827339035,0.013606029873781287
-0.0032782202813766825,-0.19245561261550867
0.3890774004069887,0.1289109076343516
0.038789154646305044,0.680112688446591
0.38406537921950035,0.05000003295198965
-0.031196063214962783,-0.7911792100414353
-0.06998172279868704,1.0731285619974478
-0.2093657239465283,-0.13742125014902576
-0.07907150520434034,-0.03366226277704689
-0.2855962953932542,-0.6501555736776722
-0.10436403636255143,0.07479631170014979
-0.31122182880843113,-0.6258657090879183
-0.20260843437709777,0.3898758321088545
0.2795697259011312,-0.7640111978259494
-0.4138200470711885,-1.3424502940935932
-0.07925152025234829,-0.06862184852453744
-0.21588461323099895,-0.738016032536346
-0.12940516135506508,1.0934472867036478
-0.09586242731762677,-0.21331904923090142
-0.0840983244593733,-0.13547540248279025
-0.09049799949955088,-0.1604313605647472
-0.08719070093679006,-0.07242361424032372
-0.1733151402424943,-0.7361147483895744
-0.025795433779156923,0.26770869654986407
-0.15381930793957443,-0.6006524467956564
-0.7424542915859375,0.24374124421194157
-1.009064841402921,-0.5981503564584542
0.03857183040768329,1.4808480079986805
0.3057351769210662,-0.2162100520271647
0.493313206561045,-1.0901160821715594
0.21322436726190627,-0.5202510240539349
-1.260211669189069,0.14672398386299992
0.46417290821779017,-0.9986796938475679
0.3710545745305937,0.22233638888519883
-0.2123767512188857,0.3769046205057136
-0.2123767512188857,0.3769046205057136
0.5758654627317344,-0.19934890383032386
0.07058379692308833,-0.35555429966141905
0.26524983036196703,-0.6527848381256153
0.10509664896163713,3.849143562957634
0.27611803467872376,-1.1014162312558193
0.20845540830379075,-0.6659117372218647
0.4280907508707958,-0.6579920200020881
0.32642856868092385,-0.691533550948982
-0.23419309692573215,-0.2875097390945292
-0.29614228752209154,-1.0821787337042017
0.15489853810805237,-0.5367096366572183
0.44573691170132707,0.44119938550582777
0.747614215335712,-1.154174586696533
0.33863329011260296,0.5420531426696603
0.37632666673546805,-0.7285405864575139
-0.02929022953525884,0.10637062197114613
-0.03932386207911429,0.45401091777517194
-0.24391361309626222,-0.9447061785229219
-0.11240188288994139,0.48730904264914593
-0.22753645463324226,-1.163817581400072
-0.06160189848817549,0.42145142826164245
0.055812560200645185,-1.1998391704463778
0.24078036175461578,0.6698439767287324
-0.04251950866631708,-0.9997178880906863
0.2714373207309025,0.6142730909176898
0.11221658511498178,-0.8719455579339672
0.007277992905367688,-0.6076261224901417
-0.07348591853357925,-0.9200884086674007
0.15974937593493668,-0.8409622275233495
0.15083630639278434,-1.018162136386819
0.36092396327322523,-1.0804449919210781
-0.0945957195207635,0.0877675233032907
0.027084533471546657,-0.9740519866894181
-0.29384103356050395,-1.910665840472802
-0.26804007831709403,0.197949912383465
-0.10350880418845741,0.011904995368462087
-0.11997126984868835,-0.3558384439854799
-0.32222524300988775,0.09783350469828535
-0.15214490458354896,-0.2347956797587456
-0.2606507043671154,-1.0600514384295385
-0.08083583064604452,0.23048360519637204
-0.007940119453873217,-0.8549903412759662
-0.04429682024063085,0.2138345427593851
-0.261635788388449,-0.9939516067759999
0.11004782759204063,-0.6562051379772937
-0.1829865000394621,0.020247162160479133
0.3992495931140498,-0.775183046650847
0.1235617584169766,0.667063947284318
-0.21489016084640206,0.32599805065284204
0.2134920445799392,0.7134301160609589
-0.07336946882322157,-0.029700025150481847
-0.16582704198664056,-0.7495908678817838
-0.07716631779110467,-0.29468762061606235
-0.062334444184570334,0.28435775898685106
-0.07710957431518103,0.7208399828934793
0.16295004345982655,-1.0078968027500168
0.5935511307764038,0.48840102194243923
-0.24428041202582587,0.6826555089980766
-0.003613211759854432,-0.9102986034193802
-0.1569248787292287,0.7781076007250853
-4.761283645599051,0.6933412660180135
0.08281094940096687,-1.3009862166599178
0.38960066097932994,0.49447075406129676
0.3071342148705819,1.1647583266741706
0.03045032764574445,0.7060128532407877
